Sample Names	MutationType	0	1	2	3	4
BLCA	0.0	1.0	0.0	0.0	0.0	0.0
BLCA	0.0	1.0	0.0	0.0	0.0	0.0
BLCA	0.0	1.0	0.0	0.0	0.0	0.0
BLCA	0.0	1.0	0.0	0.0	0.0	0.0
BLCA	2002.0	1.0	0.0	0.0	0.0	0.0
BLCA	1325.0	1.0	0.0	0.0	0.0	0.0
BLCA	3314.0	1.0	0.0	0.0	0.0	0.0
BLCA	2307.0	1.0	0.0	0.0	0.0	0.0
BLCA	0.0	1.0	0.0	0.0	0.0	0.0
BLCA	0.0					
BLCA	0.0	1.0	0.0	0.0	0.0	0.0
BLCA	0.0	1.0	0.0	0.0	0.0	0.0
BLCA	0.0	1.0	0.0	0.0	0.0	0.0
BLCA	0.0	1.0	0.0	0.0	0.0	0.0
BLCA	0.0	1.0	0.0	0.0	0.0	0.0
BLCA	0.0	1.0	0.0	0.0	0.0	0.0
BLCA	0.0	1.0	0.0	0.0	0.0	0.0
BLCA	0.0	1.0	0.0	0.0	0.0	0.0
BLCA	0.0	1.0	0.0	0.0	0.0	0.0
BLCA	0.0	1.0	0.0	0.0	0.0	0.0
BLCA	0.0	1.0	0.0	0.0	0.0	0.0
BLCA	0.0	1.0	0.0	0.0	0.0	0.0
BLCA	0.0	1.0	0.0	0.0	0.0	0.0
BLCA	0.0	1.0	0.0	0.0	0.0	0.0
BLCA	0.0	1.0	0.0	0.0	0.0	0.0
BLCA	0.0	1.0	0.0	0.0	0.0	0.0
BLCA	0.0	1.0	0.0	0.0	0.0	0.0
BLCA	0.0	1.0	0.0	0.0	0.0	0.0
BLCA	0.0	1.0	0.0	0.0	0.0	0.0
BLCA	0.0	1.0	0.0	0.0	0.0	0.0
BLCA	0.0	1.0	0.0	0.0	0.0	0.0
BLCA	0.0	1.0	0.0	0.0	0.0	0.0
BLCA	0.0	1.0	0.0	0.0	0.0	0.0
BLCA	0.0	1.0	0.0	0.0	0.0	0.0
BLCA	0.0	1.0	0.0	0.0	0.0	0.0
BLCA	0.0	1.0	0.0	0.0	0.0	0.0
BLCA	0.0	1.0	0.0	0.0	0.0	0.0
BLCA	0.0					
BLCA	0.0	1.0	0.0	0.0	0.0	0.0
BLCA	0.0	1.0	0.0	0.0	0.0	0.0
BLCA	0.0	1.0	0.0	0.0	0.0	0.0
BLCA	0.0	1.0	0.0	0.0	0.0	0.0
BLCA	0.0	1.0	0.0	0.0	0.0	0.0
BLCA	0.0	1.0	0.0	0.0	0.0	0.0
BLCA	0.0	1.0	0.0	0.0	0.0	0.0
BLCA	0.0	1.0	0.0	0.0	0.0	0.0
BLCA	0.0	1.0	0.0	0.0	0.0	0.0
BLCA	0.0	1.0	0.0	0.0	0.0	0.0
BLCA	0.0	1.0	0.0	0.0	0.0	0.0
BLCA	0.0	1.0	0.0	0.0	0.0	0.0
BLCA	0.0	1.0	0.0	0.0	0.0	0.0
BLCA	0.0					
BLCA	1898.0	1.0	0.0	0.0	0.0	0.0
BLCA	2491.0	1.0	0.0	0.0	0.0	0.0
BLCA	5150.0	1.0	0.0	0.0	0.0	0.0
BLCA	971.0	1.0	0.0	0.0	0.0	0.0
BLCA	0.0	1.0	0.0	0.0	0.0	0.0
BLCA	0.0	1.0	0.0	0.0	0.0	0.0
BLCA	0.0	1.0	0.0	0.0	0.0	0.0
BLCA	0.0	1.0	0.0	0.0	0.0	0.0
BLCA	0.0	1.0	0.0	0.0	0.0	0.0
BLCA	0.0	1.0	0.0	0.0	0.0	0.0
BLCA	0.0	1.0	0.0	0.0	0.0	0.0
BLCA	0.0	1.0	0.0	0.0	0.0	0.0
BLCA	0.0	1.0	0.0	0.0	0.0	0.0
BLCA	0.0	1.0	0.0	0.0	0.0	0.0
BLCA	0.0	1.0	0.0	0.0	0.0	0.0
BLCA	0.0	1.0	0.0	0.0	0.0	0.0
BLCA	0.0	1.0	0.0	0.0	0.0	0.0
BLCA	0.0	1.0	0.0	0.0	0.0	0.0
BLCA	0.0	1.0	0.0	0.0	0.0	0.0
BLCA	0.0	1.0	0.0	0.0	0.0	0.0
BLCA	0.0	1.0	0.0	0.0	0.0	0.0
BLCA	0.0	1.0	0.0	0.0	0.0	0.0
BLCA	0.0	1.0	0.0	0.0	0.0	0.0
BLCA	0.0	1.0	0.0	0.0	0.0	0.0
BLCA	0.0	1.0	0.0	0.0	0.0	0.0
BLCA	0.0	1.0	0.0	0.0	0.0	0.0
BLCA	0.0					
BLCA	0.0	1.0	0.0	0.0	0.0	0.0
BLCA	0.0	1.0	0.0	0.0	0.0	0.0
BLCA	0.0	1.0	0.0	0.0	0.0	0.0
BLCA	0.0	1.0	0.0	0.0	0.0	0.0
BLCA	0.0	1.0	0.0	0.0	0.0	0.0
BLCA	0.0	1.0	0.0	0.0	0.0	0.0
BLCA	0.0	1.0	0.0	0.0	0.0	0.0
BLCA	0.0	1.0	0.0	0.0	0.0	0.0
BLCA	0.0	1.0	0.0	0.0	0.0	0.0
BLCA	0.0	1.0	0.0	0.0	0.0	0.0
BLCA	0.0	1.0	0.0	0.0	0.0	0.0
BLCA	0.0	1.0	0.0	0.0	0.0	0.0
BLCA	0.0	1.0	0.0	0.0	0.0	0.0
BLCA	0.0	1.0	0.0	0.0	0.0	0.0
BLCA	0.0	1.0	0.0	0.0	0.0	0.0
BLCA	0.0	1.0	0.0	0.0	0.0	0.0
BLCA	0.0	1.0	0.0	0.0	0.0	0.0
BLCA	0.0	1.0	0.0	0.0	0.0	0.0
BLCA	0.0	1.0	0.0	0.0	0.0	0.0
BLCA	0.0	1.0	0.0	0.0	0.0	0.0
BLCA	0.0					
BLCA	394.0	1.0	0.0	0.0	0.0	0.0
BLCA	204.0	1.0	0.0	0.0	0.0	0.0
BLCA	1373.0	1.0	0.0	0.0	0.0	0.0
BLCA	265.0	1.0	0.0	0.0	0.0	0.0
BLCA	0.0	1.0	0.0	0.0	0.0	0.0
BLCA	0.0	1.0	0.0	0.0	0.0	0.0
BLCA	0.0	1.0	0.0	0.0	0.0	0.0
BLCA	0.0	1.0	0.0	0.0	0.0	0.0
BLCA	0.0	1.0	0.0	0.0	0.0	0.0
BLCA	0.0	1.0	0.0	0.0	0.0	0.0
BLCA	0.0	1.0	0.0	0.0	0.0	0.0
BLCA	0.0	1.0	0.0	0.0	0.0	0.0
BLCA	0.0	1.0	0.0	0.0	0.0	0.0
BLCA	0.0	1.0	0.0	0.0	0.0	0.0
BLCA	0.0	1.0	0.0	0.0	0.0	0.0
BLCA	0.0	1.0	0.0	0.0	0.0	0.0
BLCA	0.0	1.0	0.0	0.0	0.0	0.0
BLCA	0.0	1.0	0.0	0.0	0.0	0.0
BLCA	0.0	1.0	0.0	0.0	0.0	0.0
BLCA	0.0	1.0	0.0	0.0	0.0	0.0
BLCA	0.0	1.0	0.0	0.0	0.0	0.0
BLCA	0.0	1.0	0.0	0.0	0.0	0.0
BLCA	0.0	1.0	0.0	0.0	0.0	0.0
BLCA	0.0	1.0	0.0	0.0	0.0	0.0
BLCA	0.0	1.0	0.0	0.0	0.0	0.0
BLCA	0.0	1.0	0.0	0.0	0.0	0.0
BLCA	0.0	1.0	0.0	0.0	0.0	0.0
BLCA	0.0	1.0	0.0	0.0	0.0	0.0
BLCA	0.0	1.0	0.0	0.0	0.0	0.0
BLCA	0.0	1.0	0.0	0.0	0.0	0.0
BLCA	0.0	1.0	0.0	0.0	0.0	0.0
BLCA	0.0	1.0	0.0	0.0	0.0	0.0
BLCA	0.0	1.0	0.0	0.0	0.0	0.0
BLCA	0.0					
BLCA	0.0	1.0	0.0	0.0	0.0	0.0
BLCA	0.0	1.0	0.0	0.0	0.0	0.0
BLCA	0.0	1.0	0.0	0.0	0.0	0.0
BLCA	0.0	1.0	0.0	0.0	0.0	0.0
BLCA	0.0	1.0	0.0	0.0	0.0	0.0
BLCA	0.0	1.0	0.0	0.0	0.0	0.0
BLCA	0.0	1.0	0.0	0.0	0.0	0.0
BLCA	0.0	1.0	0.0	0.0	0.0	0.0
BLCA	0.0	1.0	0.0	0.0	0.0	0.0
BLCA	0.0	1.0	0.0	0.0	0.0	0.0
BLCA	0.0	1.0	0.0	0.0	0.0	0.0
BLCA	0.0					
BLCA	0.0	1.0	0.0	0.0	0.0	0.0
BLCA	0.0	1.0	0.0	0.0	0.0	0.0
BLCA	2178.0	1.0	0.0	0.0	0.0	0.0
BLCA	2403.0	1.0	0.0	0.0	0.0	0.0
BLCA	4179.0	1.0	0.0	0.0	0.0	0.0
BLCA	1065.0	1.0	0.0	0.0	0.0	0.0
BLCA	0.0					
BLCA	0.0	1.0	0.0	0.0	0.0	0.0
BLCA	0.0	1.0	0.0	0.0	0.0	0.0
BLCA	0.0	1.0	0.0	0.0	0.0	0.0
BLCA	0.0	1.0	0.0	0.0	0.0	0.0
BLCA	0.0	1.0	0.0	0.0	0.0	0.0
BLCA	0.0	1.0	0.0	0.0	0.0	0.0
BLCA	0.0	1.0	0.0	0.0	0.0	0.0
BLCA	0.0	1.0	0.0	0.0	0.0	0.0
BLCA	0.0	1.0	0.0	0.0	0.0	0.0
BLCA	0.0	1.0	0.0	0.0	0.0	0.0
BLCA	0.0	1.0	0.0	0.0	0.0	0.0
BLCA	0.0	1.0	0.0	0.0	0.0	0.0
BLCA	0.0	1.0	0.0	0.0	0.0	0.0
BLCA	0.0	1.0	0.0	0.0	0.0	0.0
BLCA	0.0	1.0	0.0	0.0	0.0	0.0
BLCA	0.0	1.0	0.0	0.0	0.0	0.0
BLCA	0.0	1.0	0.0	0.0	0.0	0.0
BLCA	0.0	1.0	0.0	0.0	0.0	0.0
BLCA	0.0	1.0	0.0	0.0	0.0	0.0
BLCA	0.0	1.0	0.0	0.0	0.0	0.0
BLCA	0.0	1.0	0.0	0.0	0.0	0.0
BLCA	0.0	1.0	0.0	0.0	0.0	0.0
BLCA	0.0	1.0	0.0	0.0	0.0	0.0
BLCA	0.0	1.0	0.0	0.0	0.0	0.0
BLCA	0.0	1.0	0.0	0.0	0.0	0.0
BLCA	0.0	1.0	0.0	0.0	0.0	0.0
BLCA	0.0	1.0	0.0	0.0	0.0	0.0
BLCA	0.0	1.0	0.0	0.0	0.0	0.0
BLCA	0.0	1.0	0.0	0.0	0.0	0.0
BLCA	0.0	1.0	0.0	0.0	0.0	0.0
BLCA	0.0	1.0	0.0	0.0	0.0	0.0
BLCA	0.0	1.0	0.0	0.0	0.0	0.0
BLCA	0.0	1.0	0.0	0.0	0.0	0.0
BLCA	0.0	1.0	0.0	0.0	0.0	0.0
BLCA	0.0	1.0	0.0	0.0	0.0	0.0
BLCA	0.0	1.0	0.0	0.0	0.0	0.0
BLCA	0.0	1.0	0.0	0.0	0.0	0.0
BLCA	0.0	1.0	0.0	0.0	0.0	0.0
BLCA	0.0					
CESC	0.0	1.0	0.0	0.0	0.0	0.0
CESC	0.0	1.0	0.0	0.0	0.0	0.0
CESC	0.0	1.0	0.0	0.0	0.0	0.0
CESC	0.0	1.0	0.0	0.0	0.0	0.0
CESC	2002.0	1.0	0.0	0.0	0.0	0.0
CESC	1325.0	1.0	0.0	0.0	0.0	0.0
CESC	3314.0	1.0	0.0	0.0	0.0	0.0
CESC	2307.0	1.0	0.0	0.0	0.0	0.0
CESC	0.0	1.0	0.0	0.0	0.0	0.0
CESC	0.0					
CESC	0.0	1.0	0.0	0.0	0.0	0.0
CESC	0.0	1.0	0.0	0.0	0.0	0.0
CESC	0.0	1.0	0.0	0.0	0.0	0.0
CESC	0.0	1.0	0.0	0.0	0.0	0.0
CESC	0.0	1.0	0.0	0.0	0.0	0.0
CESC	0.0	1.0	0.0	0.0	0.0	0.0
CESC	0.0	1.0	0.0	0.0	0.0	0.0
CESC	0.0	1.0	0.0	0.0	0.0	0.0
CESC	0.0	1.0	0.0	0.0	0.0	0.0
CESC	0.0	1.0	0.0	0.0	0.0	0.0
CESC	0.0	1.0	0.0	0.0	0.0	0.0
CESC	0.0	1.0	0.0	0.0	0.0	0.0
CESC	0.0	1.0	0.0	0.0	0.0	0.0
CESC	0.0	1.0	0.0	0.0	0.0	0.0
CESC	0.0	1.0	0.0	0.0	0.0	0.0
CESC	0.0	1.0	0.0	0.0	0.0	0.0
CESC	0.0	1.0	0.0	0.0	0.0	0.0
CESC	0.0	1.0	0.0	0.0	0.0	0.0
CESC	0.0	1.0	0.0	0.0	0.0	0.0
CESC	0.0	1.0	0.0	0.0	0.0	0.0
CESC	0.0	1.0	0.0	0.0	0.0	0.0
CESC	0.0	1.0	0.0	0.0	0.0	0.0
CESC	0.0	1.0	0.0	0.0	0.0	0.0
CESC	0.0	1.0	0.0	0.0	0.0	0.0
CESC	0.0	1.0	0.0	0.0	0.0	0.0
CESC	0.0	1.0	0.0	0.0	0.0	0.0
CESC	0.0	1.0	0.0	0.0	0.0	0.0
CESC	0.0					
CESC	0.0	1.0	0.0	0.0	0.0	0.0
CESC	0.0	1.0	0.0	0.0	0.0	0.0
CESC	0.0	1.0	0.0	0.0	0.0	0.0
CESC	0.0	1.0	0.0	0.0	0.0	0.0
CESC	0.0	1.0	0.0	0.0	0.0	0.0
CESC	0.0	1.0	0.0	0.0	0.0	0.0
CESC	0.0	1.0	0.0	0.0	0.0	0.0
CESC	0.0	1.0	0.0	0.0	0.0	0.0
CESC	0.0	1.0	0.0	0.0	0.0	0.0
CESC	0.0	1.0	0.0	0.0	0.0	0.0
CESC	0.0	1.0	0.0	0.0	0.0	0.0
CESC	0.0	1.0	0.0	0.0	0.0	0.0
CESC	0.0	1.0	0.0	0.0	0.0	0.0
CESC	0.0					
CESC	1898.0	1.0	0.0	0.0	0.0	0.0
CESC	2491.0	1.0	0.0	0.0	0.0	0.0
CESC	5150.0	1.0	0.0	0.0	0.0	0.0
CESC	971.0	1.0	0.0	0.0	0.0	0.0
CESC	0.0	1.0	0.0	0.0	0.0	0.0
CESC	0.0	1.0	0.0	0.0	0.0	0.0
CESC	0.0	1.0	0.0	0.0	0.0	0.0
CESC	0.0	1.0	0.0	0.0	0.0	0.0
CESC	0.0	1.0	0.0	0.0	0.0	0.0
CESC	0.0	1.0	0.0	0.0	0.0	0.0
CESC	0.0	1.0	0.0	0.0	0.0	0.0
CESC	0.0	1.0	0.0	0.0	0.0	0.0
CESC	0.0	1.0	0.0	0.0	0.0	0.0
CESC	0.0	1.0	0.0	0.0	0.0	0.0
CESC	0.0	1.0	0.0	0.0	0.0	0.0
CESC	0.0	1.0	0.0	0.0	0.0	0.0
CESC	0.0	1.0	0.0	0.0	0.0	0.0
CESC	0.0	1.0	0.0	0.0	0.0	0.0
CESC	0.0	1.0	0.0	0.0	0.0	0.0
CESC	0.0	1.0	0.0	0.0	0.0	0.0
CESC	0.0	1.0	0.0	0.0	0.0	0.0
CESC	0.0	1.0	0.0	0.0	0.0	0.0
CESC	0.0	1.0	0.0	0.0	0.0	0.0
CESC	0.0	1.0	0.0	0.0	0.0	0.0
CESC	0.0	1.0	0.0	0.0	0.0	0.0
CESC	0.0	1.0	0.0	0.0	0.0	0.0
CESC	0.0					
CESC	0.0	1.0	0.0	0.0	0.0	0.0
CESC	0.0	1.0	0.0	0.0	0.0	0.0
CESC	0.0	1.0	0.0	0.0	0.0	0.0
CESC	0.0	1.0	0.0	0.0	0.0	0.0
CESC	0.0	1.0	0.0	0.0	0.0	0.0
CESC	0.0	1.0	0.0	0.0	0.0	0.0
CESC	0.0	1.0	0.0	0.0	0.0	0.0
CESC	0.0	1.0	0.0	0.0	0.0	0.0
CESC	0.0	1.0	0.0	0.0	0.0	0.0
CESC	0.0	1.0	0.0	0.0	0.0	0.0
CESC	0.0	1.0	0.0	0.0	0.0	0.0
CESC	0.0	1.0	0.0	0.0	0.0	0.0
CESC	0.0	1.0	0.0	0.0	0.0	0.0
CESC	0.0	1.0	0.0	0.0	0.0	0.0
CESC	0.0	1.0	0.0	0.0	0.0	0.0
CESC	0.0	1.0	0.0	0.0	0.0	0.0
CESC	0.0	1.0	0.0	0.0	0.0	0.0
CESC	0.0	1.0	0.0	0.0	0.0	0.0
CESC	0.0	1.0	0.0	0.0	0.0	0.0
CESC	0.0	1.0	0.0	0.0	0.0	0.0
CESC	0.0					
CESC	394.0	1.0	0.0	0.0	0.0	0.0
CESC	204.0	1.0	0.0	0.0	0.0	0.0
CESC	1373.0	1.0	0.0	0.0	0.0	0.0
CESC	265.0	1.0	0.0	0.0	0.0	0.0
CESC	0.0	1.0	0.0	0.0	0.0	0.0
CESC	0.0	1.0	0.0	0.0	0.0	0.0
CESC	0.0	1.0	0.0	0.0	0.0	0.0
CESC	0.0	1.0	0.0	0.0	0.0	0.0
CESC	0.0	1.0	0.0	0.0	0.0	0.0
CESC	0.0	1.0	0.0	0.0	0.0	0.0
CESC	0.0	1.0	0.0	0.0	0.0	0.0
CESC	0.0	1.0	0.0	0.0	0.0	0.0
CESC	0.0	1.0	0.0	0.0	0.0	0.0
CESC	0.0	1.0	0.0	0.0	0.0	0.0
CESC	0.0	1.0	0.0	0.0	0.0	0.0
CESC	0.0	1.0	0.0	0.0	0.0	0.0
CESC	0.0	1.0	0.0	0.0	0.0	0.0
CESC	0.0	1.0	0.0	0.0	0.0	0.0
CESC	0.0	1.0	0.0	0.0	0.0	0.0
CESC	0.0	1.0	0.0	0.0	0.0	0.0
CESC	0.0	1.0	0.0	0.0	0.0	0.0
CESC	0.0	1.0	0.0	0.0	0.0	0.0
CESC	0.0	1.0	0.0	0.0	0.0	0.0
CESC	0.0	1.0	0.0	0.0	0.0	0.0
CESC	0.0	1.0	0.0	0.0	0.0	0.0
CESC	0.0	1.0	0.0	0.0	0.0	0.0
CESC	0.0	1.0	0.0	0.0	0.0	0.0
CESC	0.0	1.0	0.0	0.0	0.0	0.0
CESC	0.0	1.0	0.0	0.0	0.0	0.0
CESC	0.0	1.0	0.0	0.0	0.0	0.0
CESC	0.0	1.0	0.0	0.0	0.0	0.0
CESC	0.0	1.0	0.0	0.0	0.0	0.0
CESC	0.0	1.0	0.0	0.0	0.0	0.0
CESC	0.0					
CESC	0.0	1.0	0.0	0.0	0.0	0.0
CESC	0.0	1.0	0.0	0.0	0.0	0.0
CESC	0.0	1.0	0.0	0.0	0.0	0.0
CESC	0.0	1.0	0.0	0.0	0.0	0.0
CESC	0.0	1.0	0.0	0.0	0.0	0.0
CESC	0.0	1.0	0.0	0.0	0.0	0.0
CESC	0.0	1.0	0.0	0.0	0.0	0.0
CESC	0.0	1.0	0.0	0.0	0.0	0.0
CESC	0.0	1.0	0.0	0.0	0.0	0.0
CESC	0.0	1.0	0.0	0.0	0.0	0.0
CESC	0.0	1.0	0.0	0.0	0.0	0.0
CESC	0.0					
CESC	0.0	1.0	0.0	0.0	0.0	0.0
CESC	0.0	1.0	0.0	0.0	0.0	0.0
CESC	2178.0	1.0	0.0	0.0	0.0	0.0
CESC	2403.0	1.0	0.0	0.0	0.0	0.0
CESC	4179.0	1.0	0.0	0.0	0.0	0.0
CESC	1065.0	1.0	0.0	0.0	0.0	0.0
CESC	0.0					
CESC	0.0	1.0	0.0	0.0	0.0	0.0
CESC	0.0	1.0	0.0	0.0	0.0	0.0
CESC	0.0	1.0	0.0	0.0	0.0	0.0
CESC	0.0	1.0	0.0	0.0	0.0	0.0
CESC	0.0	1.0	0.0	0.0	0.0	0.0
CESC	0.0	1.0	0.0	0.0	0.0	0.0
CESC	0.0	1.0	0.0	0.0	0.0	0.0
CESC	0.0	1.0	0.0	0.0	0.0	0.0
CESC	0.0	1.0	0.0	0.0	0.0	0.0
CESC	0.0	1.0	0.0	0.0	0.0	0.0
CESC	0.0	1.0	0.0	0.0	0.0	0.0
CESC	0.0	1.0	0.0	0.0	0.0	0.0
CESC	0.0	1.0	0.0	0.0	0.0	0.0
CESC	0.0	1.0	0.0	0.0	0.0	0.0
CESC	0.0	1.0	0.0	0.0	0.0	0.0
CESC	0.0	1.0	0.0	0.0	0.0	0.0
CESC	0.0	1.0	0.0	0.0	0.0	0.0
CESC	0.0	1.0	0.0	0.0	0.0	0.0
CESC	0.0	1.0	0.0	0.0	0.0	0.0
CESC	0.0	1.0	0.0	0.0	0.0	0.0
CESC	0.0	1.0	0.0	0.0	0.0	0.0
CESC	0.0	1.0	0.0	0.0	0.0	0.0
CESC	0.0	1.0	0.0	0.0	0.0	0.0
CESC	0.0	1.0	0.0	0.0	0.0	0.0
CESC	0.0	1.0	0.0	0.0	0.0	0.0
CESC	0.0	1.0	0.0	0.0	0.0	0.0
CESC	0.0	1.0	0.0	0.0	0.0	0.0
CESC	0.0	1.0	0.0	0.0	0.0	0.0
CESC	0.0	1.0	0.0	0.0	0.0	0.0
CESC	0.0	1.0	0.0	0.0	0.0	0.0
CESC	0.0	1.0	0.0	0.0	0.0	0.0
CESC	0.0	1.0	0.0	0.0	0.0	0.0
CESC	0.0	1.0	0.0	0.0	0.0	0.0
CESC	0.0	1.0	0.0	0.0	0.0	0.0
CESC	0.0	1.0	0.0	0.0	0.0	0.0
CESC	0.0	1.0	0.0	0.0	0.0	0.0
CESC	0.0	1.0	0.0	0.0	0.0	0.0
CESC	0.0	1.0	0.0	0.0	0.0	0.0
CESC	0.0					
CHOL	0.0	1.0	0.0	0.0	0.0	0.0
CHOL	0.0	1.0	0.0	0.0	0.0	0.0
CHOL	0.0	1.0	0.0	0.0	0.0	0.0
CHOL	0.0	1.0	0.0	0.0	0.0	0.0
CHOL	2002.0	1.0	0.0	0.0	0.0	0.0
CHOL	1325.0	1.0	0.0	0.0	0.0	0.0
CHOL	3314.0	1.0	0.0	0.0	0.0	0.0
CHOL	2307.0	1.0	0.0	0.0	0.0	0.0
CHOL	0.0	1.0	0.0	0.0	0.0	0.0
CHOL	0.0					
CHOL	0.0	1.0	0.0	0.0	0.0	0.0
CHOL	0.0	1.0	0.0	0.0	0.0	0.0
CHOL	0.0	1.0	0.0	0.0	0.0	0.0
CHOL	0.0	1.0	0.0	0.0	0.0	0.0
CHOL	0.0	1.0	0.0	0.0	0.0	0.0
CHOL	0.0	1.0	0.0	0.0	0.0	0.0
CHOL	0.0	1.0	0.0	0.0	0.0	0.0
CHOL	0.0	1.0	0.0	0.0	0.0	0.0
CHOL	0.0	1.0	0.0	0.0	0.0	0.0
CHOL	0.0	1.0	0.0	0.0	0.0	0.0
CHOL	0.0	1.0	0.0	0.0	0.0	0.0
CHOL	0.0	1.0	0.0	0.0	0.0	0.0
CHOL	0.0	1.0	0.0	0.0	0.0	0.0
CHOL	0.0	1.0	0.0	0.0	0.0	0.0
CHOL	0.0	1.0	0.0	0.0	0.0	0.0
CHOL	0.0	1.0	0.0	0.0	0.0	0.0
CHOL	0.0	1.0	0.0	0.0	0.0	0.0
CHOL	0.0	1.0	0.0	0.0	0.0	0.0
CHOL	0.0	1.0	0.0	0.0	0.0	0.0
CHOL	0.0	1.0	0.0	0.0	0.0	0.0
CHOL	0.0	1.0	0.0	0.0	0.0	0.0
CHOL	0.0	1.0	0.0	0.0	0.0	0.0
CHOL	0.0	1.0	0.0	0.0	0.0	0.0
CHOL	0.0	1.0	0.0	0.0	0.0	0.0
CHOL	0.0	1.0	0.0	0.0	0.0	0.0
CHOL	0.0	1.0	0.0	0.0	0.0	0.0
CHOL	0.0	1.0	0.0	0.0	0.0	0.0
CHOL	0.0					
CHOL	0.0	1.0	0.0	0.0	0.0	0.0
CHOL	0.0	1.0	0.0	0.0	0.0	0.0
CHOL	0.0	1.0	0.0	0.0	0.0	0.0
CHOL	0.0	1.0	0.0	0.0	0.0	0.0
CHOL	0.0	1.0	0.0	0.0	0.0	0.0
CHOL	0.0	1.0	0.0	0.0	0.0	0.0
CHOL	0.0	1.0	0.0	0.0	0.0	0.0
CHOL	0.0	1.0	0.0	0.0	0.0	0.0
CHOL	0.0	1.0	0.0	0.0	0.0	0.0
CHOL	0.0	1.0	0.0	0.0	0.0	0.0
CHOL	0.0	1.0	0.0	0.0	0.0	0.0
CHOL	0.0	1.0	0.0	0.0	0.0	0.0
CHOL	0.0	1.0	0.0	0.0	0.0	0.0
CHOL	0.0					
CHOL	1898.0	1.0	0.0	0.0	0.0	0.0
CHOL	2491.0	1.0	0.0	0.0	0.0	0.0
CHOL	5150.0	1.0	0.0	0.0	0.0	0.0
CHOL	971.0	1.0	0.0	0.0	0.0	0.0
CHOL	0.0	1.0	0.0	0.0	0.0	0.0
CHOL	0.0	1.0	0.0	0.0	0.0	0.0
CHOL	0.0	1.0	0.0	0.0	0.0	0.0
CHOL	0.0	1.0	0.0	0.0	0.0	0.0
CHOL	0.0	1.0	0.0	0.0	0.0	0.0
CHOL	0.0	1.0	0.0	0.0	0.0	0.0
CHOL	0.0	1.0	0.0	0.0	0.0	0.0
CHOL	0.0	1.0	0.0	0.0	0.0	0.0
CHOL	0.0	1.0	0.0	0.0	0.0	0.0
CHOL	0.0	1.0	0.0	0.0	0.0	0.0
CHOL	0.0	1.0	0.0	0.0	0.0	0.0
CHOL	0.0	1.0	0.0	0.0	0.0	0.0
CHOL	0.0	1.0	0.0	0.0	0.0	0.0
CHOL	0.0	1.0	0.0	0.0	0.0	0.0
CHOL	0.0	1.0	0.0	0.0	0.0	0.0
CHOL	0.0	1.0	0.0	0.0	0.0	0.0
CHOL	0.0	1.0	0.0	0.0	0.0	0.0
CHOL	0.0	1.0	0.0	0.0	0.0	0.0
CHOL	0.0	1.0	0.0	0.0	0.0	0.0
CHOL	0.0	1.0	0.0	0.0	0.0	0.0
CHOL	0.0	1.0	0.0	0.0	0.0	0.0
CHOL	0.0	1.0	0.0	0.0	0.0	0.0
CHOL	0.0					
CHOL	0.0	1.0	0.0	0.0	0.0	0.0
CHOL	0.0	1.0	0.0	0.0	0.0	0.0
CHOL	0.0	1.0	0.0	0.0	0.0	0.0
CHOL	0.0	1.0	0.0	0.0	0.0	0.0
CHOL	0.0	1.0	0.0	0.0	0.0	0.0
CHOL	0.0	1.0	0.0	0.0	0.0	0.0
CHOL	0.0	1.0	0.0	0.0	0.0	0.0
CHOL	0.0	1.0	0.0	0.0	0.0	0.0
CHOL	0.0	1.0	0.0	0.0	0.0	0.0
CHOL	0.0	1.0	0.0	0.0	0.0	0.0
CHOL	0.0	1.0	0.0	0.0	0.0	0.0
CHOL	0.0	1.0	0.0	0.0	0.0	0.0
CHOL	0.0	1.0	0.0	0.0	0.0	0.0
CHOL	0.0	1.0	0.0	0.0	0.0	0.0
CHOL	0.0	1.0	0.0	0.0	0.0	0.0
CHOL	0.0	1.0	0.0	0.0	0.0	0.0
CHOL	0.0	1.0	0.0	0.0	0.0	0.0
CHOL	0.0	1.0	0.0	0.0	0.0	0.0
CHOL	0.0	1.0	0.0	0.0	0.0	0.0
CHOL	0.0	1.0	0.0	0.0	0.0	0.0
CHOL	0.0					
CHOL	394.0	1.0	0.0	0.0	0.0	0.0
CHOL	204.0	1.0	0.0	0.0	0.0	0.0
CHOL	1373.0	1.0	0.0	0.0	0.0	0.0
CHOL	265.0	1.0	0.0	0.0	0.0	0.0
CHOL	0.0	1.0	0.0	0.0	0.0	0.0
CHOL	0.0	1.0	0.0	0.0	0.0	0.0
CHOL	0.0	1.0	0.0	0.0	0.0	0.0
CHOL	0.0	1.0	0.0	0.0	0.0	0.0
CHOL	0.0	1.0	0.0	0.0	0.0	0.0
CHOL	0.0	1.0	0.0	0.0	0.0	0.0
CHOL	0.0	1.0	0.0	0.0	0.0	0.0
CHOL	0.0	1.0	0.0	0.0	0.0	0.0
CHOL	0.0	1.0	0.0	0.0	0.0	0.0
CHOL	0.0	1.0	0.0	0.0	0.0	0.0
CHOL	0.0	1.0	0.0	0.0	0.0	0.0
CHOL	0.0	1.0	0.0	0.0	0.0	0.0
CHOL	0.0	1.0	0.0	0.0	0.0	0.0
CHOL	0.0	1.0	0.0	0.0	0.0	0.0
CHOL	0.0	1.0	0.0	0.0	0.0	0.0
CHOL	0.0	1.0	0.0	0.0	0.0	0.0
CHOL	0.0	1.0	0.0	0.0	0.0	0.0
CHOL	0.0	1.0	0.0	0.0	0.0	0.0
CHOL	0.0	1.0	0.0	0.0	0.0	0.0
CHOL	0.0	1.0	0.0	0.0	0.0	0.0
CHOL	0.0	1.0	0.0	0.0	0.0	0.0
CHOL	0.0	1.0	0.0	0.0	0.0	0.0
CHOL	0.0	1.0	0.0	0.0	0.0	0.0
CHOL	0.0	1.0	0.0	0.0	0.0	0.0
CHOL	0.0	1.0	0.0	0.0	0.0	0.0
CHOL	0.0	1.0	0.0	0.0	0.0	0.0
CHOL	0.0	1.0	0.0	0.0	0.0	0.0
CHOL	0.0	1.0	0.0	0.0	0.0	0.0
CHOL	0.0	1.0	0.0	0.0	0.0	0.0
CHOL	0.0					
CHOL	0.0	1.0	0.0	0.0	0.0	0.0
CHOL	0.0	1.0	0.0	0.0	0.0	0.0
CHOL	0.0	1.0	0.0	0.0	0.0	0.0
CHOL	0.0	1.0	0.0	0.0	0.0	0.0
CHOL	0.0	1.0	0.0	0.0	0.0	0.0
CHOL	0.0	1.0	0.0	0.0	0.0	0.0
CHOL	0.0	1.0	0.0	0.0	0.0	0.0
CHOL	0.0	1.0	0.0	0.0	0.0	0.0
CHOL	0.0	1.0	0.0	0.0	0.0	0.0
CHOL	0.0	1.0	0.0	0.0	0.0	0.0
CHOL	0.0	1.0	0.0	0.0	0.0	0.0
CHOL	0.0					
CHOL	0.0	1.0	0.0	0.0	0.0	0.0
CHOL	0.0	1.0	0.0	0.0	0.0	0.0
CHOL	2178.0	1.0	0.0	0.0	0.0	0.0
CHOL	2403.0	1.0	0.0	0.0	0.0	0.0
CHOL	4179.0	1.0	0.0	0.0	0.0	0.0
CHOL	1065.0	1.0	0.0	0.0	0.0	0.0
CHOL	0.0					
CHOL	0.0	1.0	0.0	0.0	0.0	0.0
CHOL	0.0	1.0	0.0	0.0	0.0	0.0
CHOL	0.0	1.0	0.0	0.0	0.0	0.0
CHOL	0.0	1.0	0.0	0.0	0.0	0.0
CHOL	0.0	1.0	0.0	0.0	0.0	0.0
CHOL	0.0	1.0	0.0	0.0	0.0	0.0
CHOL	0.0	1.0	0.0	0.0	0.0	0.0
CHOL	0.0	1.0	0.0	0.0	0.0	0.0
CHOL	0.0	1.0	0.0	0.0	0.0	0.0
CHOL	0.0	1.0	0.0	0.0	0.0	0.0
CHOL	0.0	1.0	0.0	0.0	0.0	0.0
CHOL	0.0	1.0	0.0	0.0	0.0	0.0
CHOL	0.0	1.0	0.0	0.0	0.0	0.0
CHOL	0.0	1.0	0.0	0.0	0.0	0.0
CHOL	0.0	1.0	0.0	0.0	0.0	0.0
CHOL	0.0	1.0	0.0	0.0	0.0	0.0
CHOL	0.0	1.0	0.0	0.0	0.0	0.0
CHOL	0.0	1.0	0.0	0.0	0.0	0.0
CHOL	0.0	1.0	0.0	0.0	0.0	0.0
CHOL	0.0	1.0	0.0	0.0	0.0	0.0
CHOL	0.0	1.0	0.0	0.0	0.0	0.0
CHOL	0.0	1.0	0.0	0.0	0.0	0.0
CHOL	0.0	1.0	0.0	0.0	0.0	0.0
CHOL	0.0	1.0	0.0	0.0	0.0	0.0
CHOL	0.0	1.0	0.0	0.0	0.0	0.0
CHOL	0.0	1.0	0.0	0.0	0.0	0.0
CHOL	0.0	1.0	0.0	0.0	0.0	0.0
CHOL	0.0	1.0	0.0	0.0	0.0	0.0
CHOL	0.0	1.0	0.0	0.0	0.0	0.0
CHOL	0.0	1.0	0.0	0.0	0.0	0.0
CHOL	0.0	1.0	0.0	0.0	0.0	0.0
CHOL	0.0	1.0	0.0	0.0	0.0	0.0
CHOL	0.0	1.0	0.0	0.0	0.0	0.0
CHOL	0.0	1.0	0.0	0.0	0.0	0.0
CHOL	0.0	1.0	0.0	0.0	0.0	0.0
CHOL	0.0	1.0	0.0	0.0	0.0	0.0
CHOL	0.0	1.0	0.0	0.0	0.0	0.0
CHOL	0.0	1.0	0.0	0.0	0.0	0.0
CHOL	0.0					
COAD	0.0	1.0	0.0	0.0	0.0	0.0
COAD	0.0	1.0	0.0	0.0	0.0	0.0
COAD	0.0	1.0	0.0	0.0	0.0	0.0
COAD	0.0	1.0	0.0	0.0	0.0	0.0
COAD	2002.0	1.0	0.0	0.0	0.0	0.0
COAD	1325.0	1.0	0.0	0.0	0.0	0.0
COAD	3314.0	1.0	0.0	0.0	0.0	0.0
COAD	2307.0	1.0	0.0	0.0	0.0	0.0
COAD	0.0	1.0	0.0	0.0	0.0	0.0
COAD	0.0					
COAD	0.0	1.0	0.0	0.0	0.0	0.0
COAD	0.0	1.0	0.0	0.0	0.0	0.0
COAD	0.0	1.0	0.0	0.0	0.0	0.0
COAD	0.0	1.0	0.0	0.0	0.0	0.0
COAD	0.0	1.0	0.0	0.0	0.0	0.0
COAD	0.0	1.0	0.0	0.0	0.0	0.0
COAD	0.0	1.0	0.0	0.0	0.0	0.0
COAD	0.0	1.0	0.0	0.0	0.0	0.0
COAD	0.0	1.0	0.0	0.0	0.0	0.0
COAD	0.0	1.0	0.0	0.0	0.0	0.0
COAD	0.0	1.0	0.0	0.0	0.0	0.0
COAD	0.0	1.0	0.0	0.0	0.0	0.0
COAD	0.0	1.0	0.0	0.0	0.0	0.0
COAD	0.0	1.0	0.0	0.0	0.0	0.0
COAD	0.0	1.0	0.0	0.0	0.0	0.0
COAD	0.0	1.0	0.0	0.0	0.0	0.0
COAD	0.0	1.0	0.0	0.0	0.0	0.0
COAD	0.0	1.0	0.0	0.0	0.0	0.0
COAD	0.0	1.0	0.0	0.0	0.0	0.0
COAD	0.0	1.0	0.0	0.0	0.0	0.0
COAD	0.0	1.0	0.0	0.0	0.0	0.0
COAD	0.0	1.0	0.0	0.0	0.0	0.0
COAD	0.0	1.0	0.0	0.0	0.0	0.0
COAD	0.0	1.0	0.0	0.0	0.0	0.0
COAD	0.0	1.0	0.0	0.0	0.0	0.0
COAD	0.0	1.0	0.0	0.0	0.0	0.0
COAD	0.0	1.0	0.0	0.0	0.0	0.0
COAD	0.0					
COAD	0.0	1.0	0.0	0.0	0.0	0.0
COAD	0.0	1.0	0.0	0.0	0.0	0.0
COAD	0.0	1.0	0.0	0.0	0.0	0.0
COAD	0.0	1.0	0.0	0.0	0.0	0.0
COAD	0.0	1.0	0.0	0.0	0.0	0.0
COAD	0.0	1.0	0.0	0.0	0.0	0.0
COAD	0.0	1.0	0.0	0.0	0.0	0.0
COAD	0.0	1.0	0.0	0.0	0.0	0.0
COAD	0.0	1.0	0.0	0.0	0.0	0.0
COAD	0.0	1.0	0.0	0.0	0.0	0.0
COAD	0.0	1.0	0.0	0.0	0.0	0.0
COAD	0.0	1.0	0.0	0.0	0.0	0.0
COAD	0.0	1.0	0.0	0.0	0.0	0.0
COAD	0.0					
COAD	1898.0	1.0	0.0	0.0	0.0	0.0
COAD	2491.0	1.0	0.0	0.0	0.0	0.0
COAD	5150.0	1.0	0.0	0.0	0.0	0.0
COAD	971.0	1.0	0.0	0.0	0.0	0.0
COAD	0.0	1.0	0.0	0.0	0.0	0.0
COAD	0.0	1.0	0.0	0.0	0.0	0.0
COAD	0.0	1.0	0.0	0.0	0.0	0.0
COAD	0.0	1.0	0.0	0.0	0.0	0.0
COAD	0.0	1.0	0.0	0.0	0.0	0.0
COAD	0.0	1.0	0.0	0.0	0.0	0.0
COAD	0.0	1.0	0.0	0.0	0.0	0.0
COAD	0.0	1.0	0.0	0.0	0.0	0.0
COAD	0.0	1.0	0.0	0.0	0.0	0.0
COAD	0.0	1.0	0.0	0.0	0.0	0.0
COAD	0.0	1.0	0.0	0.0	0.0	0.0
COAD	0.0	1.0	0.0	0.0	0.0	0.0
COAD	0.0	1.0	0.0	0.0	0.0	0.0
COAD	0.0	1.0	0.0	0.0	0.0	0.0
COAD	0.0	1.0	0.0	0.0	0.0	0.0
COAD	0.0	1.0	0.0	0.0	0.0	0.0
COAD	0.0	1.0	0.0	0.0	0.0	0.0
COAD	0.0	1.0	0.0	0.0	0.0	0.0
COAD	0.0	1.0	0.0	0.0	0.0	0.0
COAD	0.0	1.0	0.0	0.0	0.0	0.0
COAD	0.0	1.0	0.0	0.0	0.0	0.0
COAD	0.0	1.0	0.0	0.0	0.0	0.0
COAD	0.0					
COAD	0.0	1.0	0.0	0.0	0.0	0.0
COAD	0.0	1.0	0.0	0.0	0.0	0.0
COAD	0.0	1.0	0.0	0.0	0.0	0.0
COAD	0.0	1.0	0.0	0.0	0.0	0.0
COAD	0.0	1.0	0.0	0.0	0.0	0.0
COAD	0.0	1.0	0.0	0.0	0.0	0.0
COAD	0.0	1.0	0.0	0.0	0.0	0.0
COAD	0.0	1.0	0.0	0.0	0.0	0.0
COAD	0.0	1.0	0.0	0.0	0.0	0.0
COAD	0.0	1.0	0.0	0.0	0.0	0.0
COAD	0.0	1.0	0.0	0.0	0.0	0.0
COAD	0.0	1.0	0.0	0.0	0.0	0.0
COAD	0.0	1.0	0.0	0.0	0.0	0.0
COAD	0.0	1.0	0.0	0.0	0.0	0.0
COAD	0.0	1.0	0.0	0.0	0.0	0.0
COAD	0.0	1.0	0.0	0.0	0.0	0.0
COAD	0.0	1.0	0.0	0.0	0.0	0.0
COAD	0.0	1.0	0.0	0.0	0.0	0.0
COAD	0.0	1.0	0.0	0.0	0.0	0.0
COAD	0.0	1.0	0.0	0.0	0.0	0.0
COAD	0.0					
COAD	394.0	1.0	0.0	0.0	0.0	0.0
COAD	204.0	1.0	0.0	0.0	0.0	0.0
COAD	1373.0	1.0	0.0	0.0	0.0	0.0
COAD	265.0	1.0	0.0	0.0	0.0	0.0
COAD	0.0	1.0	0.0	0.0	0.0	0.0
COAD	0.0	1.0	0.0	0.0	0.0	0.0
COAD	0.0	1.0	0.0	0.0	0.0	0.0
COAD	0.0	1.0	0.0	0.0	0.0	0.0
COAD	0.0	1.0	0.0	0.0	0.0	0.0
COAD	0.0	1.0	0.0	0.0	0.0	0.0
COAD	0.0	1.0	0.0	0.0	0.0	0.0
COAD	0.0	1.0	0.0	0.0	0.0	0.0
COAD	0.0	1.0	0.0	0.0	0.0	0.0
COAD	0.0	1.0	0.0	0.0	0.0	0.0
COAD	0.0	1.0	0.0	0.0	0.0	0.0
COAD	0.0	1.0	0.0	0.0	0.0	0.0
COAD	0.0	1.0	0.0	0.0	0.0	0.0
COAD	0.0	1.0	0.0	0.0	0.0	0.0
COAD	0.0	1.0	0.0	0.0	0.0	0.0
COAD	0.0	1.0	0.0	0.0	0.0	0.0
COAD	0.0	1.0	0.0	0.0	0.0	0.0
COAD	0.0	1.0	0.0	0.0	0.0	0.0
COAD	0.0	1.0	0.0	0.0	0.0	0.0
COAD	0.0	1.0	0.0	0.0	0.0	0.0
COAD	0.0	1.0	0.0	0.0	0.0	0.0
COAD	0.0	1.0	0.0	0.0	0.0	0.0
COAD	0.0	1.0	0.0	0.0	0.0	0.0
COAD	0.0	1.0	0.0	0.0	0.0	0.0
COAD	0.0	1.0	0.0	0.0	0.0	0.0
COAD	0.0	1.0	0.0	0.0	0.0	0.0
COAD	0.0	1.0	0.0	0.0	0.0	0.0
COAD	0.0	1.0	0.0	0.0	0.0	0.0
COAD	0.0	1.0	0.0	0.0	0.0	0.0
COAD	0.0					
COAD	0.0	1.0	0.0	0.0	0.0	0.0
COAD	0.0	1.0	0.0	0.0	0.0	0.0
COAD	0.0	1.0	0.0	0.0	0.0	0.0
COAD	0.0	1.0	0.0	0.0	0.0	0.0
COAD	0.0	1.0	0.0	0.0	0.0	0.0
COAD	0.0	1.0	0.0	0.0	0.0	0.0
COAD	0.0	1.0	0.0	0.0	0.0	0.0
COAD	0.0	1.0	0.0	0.0	0.0	0.0
COAD	0.0	1.0	0.0	0.0	0.0	0.0
COAD	0.0	1.0	0.0	0.0	0.0	0.0
COAD	0.0	1.0	0.0	0.0	0.0	0.0
COAD	0.0					
COAD	0.0	1.0	0.0	0.0	0.0	0.0
COAD	0.0	1.0	0.0	0.0	0.0	0.0
COAD	2178.0	1.0	0.0	0.0	0.0	0.0
COAD	2403.0	1.0	0.0	0.0	0.0	0.0
COAD	4179.0	1.0	0.0	0.0	0.0	0.0
COAD	1065.0	1.0	0.0	0.0	0.0	0.0
COAD	0.0					
COAD	0.0	1.0	0.0	0.0	0.0	0.0
COAD	0.0	1.0	0.0	0.0	0.0	0.0
COAD	0.0	1.0	0.0	0.0	0.0	0.0
COAD	0.0	1.0	0.0	0.0	0.0	0.0
COAD	0.0	1.0	0.0	0.0	0.0	0.0
COAD	0.0	1.0	0.0	0.0	0.0	0.0
COAD	0.0	1.0	0.0	0.0	0.0	0.0
COAD	0.0	1.0	0.0	0.0	0.0	0.0
COAD	0.0	1.0	0.0	0.0	0.0	0.0
COAD	0.0	1.0	0.0	0.0	0.0	0.0
COAD	0.0	1.0	0.0	0.0	0.0	0.0
COAD	0.0	1.0	0.0	0.0	0.0	0.0
COAD	0.0	1.0	0.0	0.0	0.0	0.0
COAD	0.0	1.0	0.0	0.0	0.0	0.0
COAD	0.0	1.0	0.0	0.0	0.0	0.0
COAD	0.0	1.0	0.0	0.0	0.0	0.0
COAD	0.0	1.0	0.0	0.0	0.0	0.0
COAD	0.0	1.0	0.0	0.0	0.0	0.0
COAD	0.0	1.0	0.0	0.0	0.0	0.0
COAD	0.0	1.0	0.0	0.0	0.0	0.0
COAD	0.0	1.0	0.0	0.0	0.0	0.0
COAD	0.0	1.0	0.0	0.0	0.0	0.0
COAD	0.0	1.0	0.0	0.0	0.0	0.0
COAD	0.0	1.0	0.0	0.0	0.0	0.0
COAD	0.0	1.0	0.0	0.0	0.0	0.0
COAD	0.0	1.0	0.0	0.0	0.0	0.0
COAD	0.0	1.0	0.0	0.0	0.0	0.0
COAD	0.0	1.0	0.0	0.0	0.0	0.0
COAD	0.0	1.0	0.0	0.0	0.0	0.0
COAD	0.0	1.0	0.0	0.0	0.0	0.0
COAD	0.0	1.0	0.0	0.0	0.0	0.0
COAD	0.0	1.0	0.0	0.0	0.0	0.0
COAD	0.0	1.0	0.0	0.0	0.0	0.0
COAD	0.0	1.0	0.0	0.0	0.0	0.0
COAD	0.0	1.0	0.0	0.0	0.0	0.0
COAD	0.0	1.0	0.0	0.0	0.0	0.0
COAD	0.0	1.0	0.0	0.0	0.0	0.0
COAD	0.0	1.0	0.0	0.0	0.0	0.0
COAD	0.0					
DLBC	0.0	1.0	0.0	0.0	0.0	0.0
DLBC	0.0	1.0	0.0	0.0	0.0	0.0
DLBC	0.0	1.0	0.0	0.0	0.0	0.0
DLBC	0.0	1.0	0.0	0.0	0.0	0.0
DLBC	2002.0	1.0	0.0	0.0	0.0	0.0
DLBC	1325.0	1.0	0.0	0.0	0.0	0.0
DLBC	3314.0	1.0	0.0	0.0	0.0	0.0
DLBC	2307.0	1.0	0.0	0.0	0.0	0.0
DLBC	0.0	1.0	0.0	0.0	0.0	0.0
DLBC	0.0					
DLBC	0.0	1.0	0.0	0.0	0.0	0.0
DLBC	0.0	1.0	0.0	0.0	0.0	0.0
DLBC	0.0	1.0	0.0	0.0	0.0	0.0
DLBC	0.0	1.0	0.0	0.0	0.0	0.0
DLBC	0.0	1.0	0.0	0.0	0.0	0.0
DLBC	0.0	1.0	0.0	0.0	0.0	0.0
DLBC	0.0	1.0	0.0	0.0	0.0	0.0
DLBC	0.0	1.0	0.0	0.0	0.0	0.0
DLBC	0.0	1.0	0.0	0.0	0.0	0.0
DLBC	0.0	1.0	0.0	0.0	0.0	0.0
DLBC	0.0	1.0	0.0	0.0	0.0	0.0
DLBC	0.0	1.0	0.0	0.0	0.0	0.0
DLBC	0.0	1.0	0.0	0.0	0.0	0.0
DLBC	0.0	1.0	0.0	0.0	0.0	0.0
DLBC	0.0	1.0	0.0	0.0	0.0	0.0
DLBC	0.0	1.0	0.0	0.0	0.0	0.0
DLBC	0.0	1.0	0.0	0.0	0.0	0.0
DLBC	0.0	1.0	0.0	0.0	0.0	0.0
DLBC	0.0	1.0	0.0	0.0	0.0	0.0
DLBC	0.0	1.0	0.0	0.0	0.0	0.0
DLBC	0.0	1.0	0.0	0.0	0.0	0.0
DLBC	0.0	1.0	0.0	0.0	0.0	0.0
DLBC	0.0	1.0	0.0	0.0	0.0	0.0
DLBC	0.0	1.0	0.0	0.0	0.0	0.0
DLBC	0.0	1.0	0.0	0.0	0.0	0.0
DLBC	0.0	1.0	0.0	0.0	0.0	0.0
DLBC	0.0	1.0	0.0	0.0	0.0	0.0
DLBC	0.0					
DLBC	0.0	1.0	0.0	0.0	0.0	0.0
DLBC	0.0	1.0	0.0	0.0	0.0	0.0
DLBC	0.0	1.0	0.0	0.0	0.0	0.0
DLBC	0.0	1.0	0.0	0.0	0.0	0.0
DLBC	0.0	1.0	0.0	0.0	0.0	0.0
DLBC	0.0	1.0	0.0	0.0	0.0	0.0
DLBC	0.0	1.0	0.0	0.0	0.0	0.0
DLBC	0.0	1.0	0.0	0.0	0.0	0.0
DLBC	0.0	1.0	0.0	0.0	0.0	0.0
DLBC	0.0	1.0	0.0	0.0	0.0	0.0
DLBC	0.0	1.0	0.0	0.0	0.0	0.0
DLBC	0.0	1.0	0.0	0.0	0.0	0.0
DLBC	0.0	1.0	0.0	0.0	0.0	0.0
DLBC	0.0					
DLBC	1898.0	1.0	0.0	0.0	0.0	0.0
DLBC	2491.0	1.0	0.0	0.0	0.0	0.0
DLBC	5150.0	1.0	0.0	0.0	0.0	0.0
DLBC	971.0	1.0	0.0	0.0	0.0	0.0
DLBC	0.0	1.0	0.0	0.0	0.0	0.0
DLBC	0.0	1.0	0.0	0.0	0.0	0.0
DLBC	0.0	1.0	0.0	0.0	0.0	0.0
DLBC	0.0	1.0	0.0	0.0	0.0	0.0
DLBC	0.0	1.0	0.0	0.0	0.0	0.0
DLBC	0.0	1.0	0.0	0.0	0.0	0.0
DLBC	0.0	1.0	0.0	0.0	0.0	0.0
DLBC	0.0	1.0	0.0	0.0	0.0	0.0
DLBC	0.0	1.0	0.0	0.0	0.0	0.0
DLBC	0.0	1.0	0.0	0.0	0.0	0.0
DLBC	0.0	1.0	0.0	0.0	0.0	0.0
DLBC	0.0	1.0	0.0	0.0	0.0	0.0
DLBC	0.0	1.0	0.0	0.0	0.0	0.0
DLBC	0.0	1.0	0.0	0.0	0.0	0.0
DLBC	0.0	1.0	0.0	0.0	0.0	0.0
DLBC	0.0	1.0	0.0	0.0	0.0	0.0
DLBC	0.0	1.0	0.0	0.0	0.0	0.0
DLBC	0.0	1.0	0.0	0.0	0.0	0.0
DLBC	0.0	1.0	0.0	0.0	0.0	0.0
DLBC	0.0	1.0	0.0	0.0	0.0	0.0
DLBC	0.0	1.0	0.0	0.0	0.0	0.0
DLBC	0.0	1.0	0.0	0.0	0.0	0.0
DLBC	0.0					
DLBC	0.0	1.0	0.0	0.0	0.0	0.0
DLBC	0.0	1.0	0.0	0.0	0.0	0.0
DLBC	0.0	1.0	0.0	0.0	0.0	0.0
DLBC	0.0	1.0	0.0	0.0	0.0	0.0
DLBC	0.0	1.0	0.0	0.0	0.0	0.0
DLBC	0.0	1.0	0.0	0.0	0.0	0.0
DLBC	0.0	1.0	0.0	0.0	0.0	0.0
DLBC	0.0	1.0	0.0	0.0	0.0	0.0
DLBC	0.0	1.0	0.0	0.0	0.0	0.0
DLBC	0.0	1.0	0.0	0.0	0.0	0.0
DLBC	0.0	1.0	0.0	0.0	0.0	0.0
DLBC	0.0	1.0	0.0	0.0	0.0	0.0
DLBC	0.0	1.0	0.0	0.0	0.0	0.0
DLBC	0.0	1.0	0.0	0.0	0.0	0.0
DLBC	0.0	1.0	0.0	0.0	0.0	0.0
DLBC	0.0	1.0	0.0	0.0	0.0	0.0
DLBC	0.0	1.0	0.0	0.0	0.0	0.0
DLBC	0.0	1.0	0.0	0.0	0.0	0.0
DLBC	0.0	1.0	0.0	0.0	0.0	0.0
DLBC	0.0	1.0	0.0	0.0	0.0	0.0
DLBC	0.0					
DLBC	394.0	1.0	0.0	0.0	0.0	0.0
DLBC	204.0	1.0	0.0	0.0	0.0	0.0
DLBC	1373.0	1.0	0.0	0.0	0.0	0.0
DLBC	265.0	1.0	0.0	0.0	0.0	0.0
DLBC	0.0	1.0	0.0	0.0	0.0	0.0
DLBC	0.0	1.0	0.0	0.0	0.0	0.0
DLBC	0.0	1.0	0.0	0.0	0.0	0.0
DLBC	0.0	1.0	0.0	0.0	0.0	0.0
DLBC	0.0	1.0	0.0	0.0	0.0	0.0
DLBC	0.0	1.0	0.0	0.0	0.0	0.0
DLBC	0.0	1.0	0.0	0.0	0.0	0.0
DLBC	0.0	1.0	0.0	0.0	0.0	0.0
DLBC	0.0	1.0	0.0	0.0	0.0	0.0
DLBC	0.0	1.0	0.0	0.0	0.0	0.0
DLBC	0.0	1.0	0.0	0.0	0.0	0.0
DLBC	0.0	1.0	0.0	0.0	0.0	0.0
DLBC	0.0	1.0	0.0	0.0	0.0	0.0
DLBC	0.0	1.0	0.0	0.0	0.0	0.0
DLBC	0.0	1.0	0.0	0.0	0.0	0.0
DLBC	0.0	1.0	0.0	0.0	0.0	0.0
DLBC	0.0	1.0	0.0	0.0	0.0	0.0
DLBC	0.0	1.0	0.0	0.0	0.0	0.0
DLBC	0.0	1.0	0.0	0.0	0.0	0.0
DLBC	0.0	1.0	0.0	0.0	0.0	0.0
DLBC	0.0	1.0	0.0	0.0	0.0	0.0
DLBC	0.0	1.0	0.0	0.0	0.0	0.0
DLBC	0.0	1.0	0.0	0.0	0.0	0.0
DLBC	0.0	1.0	0.0	0.0	0.0	0.0
DLBC	0.0	1.0	0.0	0.0	0.0	0.0
DLBC	0.0	1.0	0.0	0.0	0.0	0.0
DLBC	0.0	1.0	0.0	0.0	0.0	0.0
DLBC	0.0	1.0	0.0	0.0	0.0	0.0
DLBC	0.0	1.0	0.0	0.0	0.0	0.0
DLBC	0.0					
DLBC	0.0	1.0	0.0	0.0	0.0	0.0
DLBC	0.0	1.0	0.0	0.0	0.0	0.0
DLBC	0.0	1.0	0.0	0.0	0.0	0.0
DLBC	0.0	1.0	0.0	0.0	0.0	0.0
DLBC	0.0	1.0	0.0	0.0	0.0	0.0
DLBC	0.0	1.0	0.0	0.0	0.0	0.0
DLBC	0.0	1.0	0.0	0.0	0.0	0.0
DLBC	0.0	1.0	0.0	0.0	0.0	0.0
DLBC	0.0	1.0	0.0	0.0	0.0	0.0
DLBC	0.0	1.0	0.0	0.0	0.0	0.0
DLBC	0.0	1.0	0.0	0.0	0.0	0.0
DLBC	0.0					
DLBC	0.0	1.0	0.0	0.0	0.0	0.0
DLBC	0.0	1.0	0.0	0.0	0.0	0.0
DLBC	2178.0	1.0	0.0	0.0	0.0	0.0
DLBC	2403.0	1.0	0.0	0.0	0.0	0.0
DLBC	4179.0	1.0	0.0	0.0	0.0	0.0
DLBC	1065.0	1.0	0.0	0.0	0.0	0.0
DLBC	0.0					
DLBC	0.0	1.0	0.0	0.0	0.0	0.0
DLBC	0.0	1.0	0.0	0.0	0.0	0.0
DLBC	0.0	1.0	0.0	0.0	0.0	0.0
DLBC	0.0	1.0	0.0	0.0	0.0	0.0
DLBC	0.0	1.0	0.0	0.0	0.0	0.0
DLBC	0.0	1.0	0.0	0.0	0.0	0.0
DLBC	0.0	1.0	0.0	0.0	0.0	0.0
DLBC	0.0	1.0	0.0	0.0	0.0	0.0
DLBC	0.0	1.0	0.0	0.0	0.0	0.0
DLBC	0.0	1.0	0.0	0.0	0.0	0.0
DLBC	0.0	1.0	0.0	0.0	0.0	0.0
DLBC	0.0	1.0	0.0	0.0	0.0	0.0
DLBC	0.0	1.0	0.0	0.0	0.0	0.0
DLBC	0.0	1.0	0.0	0.0	0.0	0.0
DLBC	0.0	1.0	0.0	0.0	0.0	0.0
DLBC	0.0	1.0	0.0	0.0	0.0	0.0
DLBC	0.0	1.0	0.0	0.0	0.0	0.0
DLBC	0.0	1.0	0.0	0.0	0.0	0.0
DLBC	0.0	1.0	0.0	0.0	0.0	0.0
DLBC	0.0	1.0	0.0	0.0	0.0	0.0
DLBC	0.0	1.0	0.0	0.0	0.0	0.0
DLBC	0.0	1.0	0.0	0.0	0.0	0.0
DLBC	0.0	1.0	0.0	0.0	0.0	0.0
DLBC	0.0	1.0	0.0	0.0	0.0	0.0
DLBC	0.0	1.0	0.0	0.0	0.0	0.0
DLBC	0.0	1.0	0.0	0.0	0.0	0.0
DLBC	0.0	1.0	0.0	0.0	0.0	0.0
DLBC	0.0	1.0	0.0	0.0	0.0	0.0
DLBC	0.0	1.0	0.0	0.0	0.0	0.0
DLBC	0.0	1.0	0.0	0.0	0.0	0.0
DLBC	0.0	1.0	0.0	0.0	0.0	0.0
DLBC	0.0	1.0	0.0	0.0	0.0	0.0
DLBC	0.0	1.0	0.0	0.0	0.0	0.0
DLBC	0.0	1.0	0.0	0.0	0.0	0.0
DLBC	0.0	1.0	0.0	0.0	0.0	0.0
DLBC	0.0	1.0	0.0	0.0	0.0	0.0
DLBC	0.0	1.0	0.0	0.0	0.0	0.0
DLBC	0.0	1.0	0.0	0.0	0.0	0.0
DLBC	0.0					
ESCA	0.0	1.0	0.0	0.0	0.0	0.0
ESCA	0.0	1.0	0.0	0.0	0.0	0.0
ESCA	0.0	1.0	0.0	0.0	0.0	0.0
ESCA	0.0	1.0	0.0	0.0	0.0	0.0
ESCA	2002.0	1.0	0.0	0.0	0.0	0.0
ESCA	1325.0	1.0	0.0	0.0	0.0	0.0
ESCA	3314.0	1.0	0.0	0.0	0.0	0.0
ESCA	2307.0	1.0	0.0	0.0	0.0	0.0
ESCA	0.0	1.0	0.0	0.0	0.0	0.0
ESCA	0.0					
ESCA	0.0	1.0	0.0	0.0	0.0	0.0
ESCA	0.0	1.0	0.0	0.0	0.0	0.0
ESCA	0.0	1.0	0.0	0.0	0.0	0.0
ESCA	0.0	1.0	0.0	0.0	0.0	0.0
ESCA	0.0	1.0	0.0	0.0	0.0	0.0
ESCA	0.0	1.0	0.0	0.0	0.0	0.0
ESCA	0.0	1.0	0.0	0.0	0.0	0.0
ESCA	0.0	1.0	0.0	0.0	0.0	0.0
ESCA	0.0	1.0	0.0	0.0	0.0	0.0
ESCA	0.0	1.0	0.0	0.0	0.0	0.0
ESCA	0.0	1.0	0.0	0.0	0.0	0.0
ESCA	0.0	1.0	0.0	0.0	0.0	0.0
ESCA	0.0	1.0	0.0	0.0	0.0	0.0
ESCA	0.0	1.0	0.0	0.0	0.0	0.0
ESCA	0.0	1.0	0.0	0.0	0.0	0.0
ESCA	0.0	1.0	0.0	0.0	0.0	0.0
ESCA	0.0	1.0	0.0	0.0	0.0	0.0
ESCA	0.0	1.0	0.0	0.0	0.0	0.0
ESCA	0.0	1.0	0.0	0.0	0.0	0.0
ESCA	0.0	1.0	0.0	0.0	0.0	0.0
ESCA	0.0	1.0	0.0	0.0	0.0	0.0
ESCA	0.0	1.0	0.0	0.0	0.0	0.0
ESCA	0.0	1.0	0.0	0.0	0.0	0.0
ESCA	0.0	1.0	0.0	0.0	0.0	0.0
ESCA	0.0	1.0	0.0	0.0	0.0	0.0
ESCA	0.0	1.0	0.0	0.0	0.0	0.0
ESCA	0.0	1.0	0.0	0.0	0.0	0.0
ESCA	0.0					
ESCA	0.0	1.0	0.0	0.0	0.0	0.0
ESCA	0.0	1.0	0.0	0.0	0.0	0.0
ESCA	0.0	1.0	0.0	0.0	0.0	0.0
ESCA	0.0	1.0	0.0	0.0	0.0	0.0
ESCA	0.0	1.0	0.0	0.0	0.0	0.0
ESCA	0.0	1.0	0.0	0.0	0.0	0.0
ESCA	0.0	1.0	0.0	0.0	0.0	0.0
ESCA	0.0	1.0	0.0	0.0	0.0	0.0
ESCA	0.0	1.0	0.0	0.0	0.0	0.0
ESCA	0.0	1.0	0.0	0.0	0.0	0.0
ESCA	0.0	1.0	0.0	0.0	0.0	0.0
ESCA	0.0	1.0	0.0	0.0	0.0	0.0
ESCA	0.0	1.0	0.0	0.0	0.0	0.0
ESCA	0.0					
ESCA	1898.0	1.0	0.0	0.0	0.0	0.0
ESCA	2491.0	1.0	0.0	0.0	0.0	0.0
ESCA	5150.0	1.0	0.0	0.0	0.0	0.0
ESCA	971.0	1.0	0.0	0.0	0.0	0.0
ESCA	0.0	1.0	0.0	0.0	0.0	0.0
ESCA	0.0	1.0	0.0	0.0	0.0	0.0
ESCA	0.0	1.0	0.0	0.0	0.0	0.0
ESCA	0.0	1.0	0.0	0.0	0.0	0.0
ESCA	0.0	1.0	0.0	0.0	0.0	0.0
ESCA	0.0	1.0	0.0	0.0	0.0	0.0
ESCA	0.0	1.0	0.0	0.0	0.0	0.0
ESCA	0.0	1.0	0.0	0.0	0.0	0.0
ESCA	0.0	1.0	0.0	0.0	0.0	0.0
ESCA	0.0	1.0	0.0	0.0	0.0	0.0
ESCA	0.0	1.0	0.0	0.0	0.0	0.0
ESCA	0.0	1.0	0.0	0.0	0.0	0.0
ESCA	0.0	1.0	0.0	0.0	0.0	0.0
ESCA	0.0	1.0	0.0	0.0	0.0	0.0
ESCA	0.0	1.0	0.0	0.0	0.0	0.0
ESCA	0.0	1.0	0.0	0.0	0.0	0.0
ESCA	0.0	1.0	0.0	0.0	0.0	0.0
ESCA	0.0	1.0	0.0	0.0	0.0	0.0
ESCA	0.0	1.0	0.0	0.0	0.0	0.0
ESCA	0.0	1.0	0.0	0.0	0.0	0.0
ESCA	0.0	1.0	0.0	0.0	0.0	0.0
ESCA	0.0	1.0	0.0	0.0	0.0	0.0
ESCA	0.0					
ESCA	0.0	1.0	0.0	0.0	0.0	0.0
ESCA	0.0	1.0	0.0	0.0	0.0	0.0
ESCA	0.0	1.0	0.0	0.0	0.0	0.0
ESCA	0.0	1.0	0.0	0.0	0.0	0.0
ESCA	0.0	1.0	0.0	0.0	0.0	0.0
ESCA	0.0	1.0	0.0	0.0	0.0	0.0
ESCA	0.0	1.0	0.0	0.0	0.0	0.0
ESCA	0.0	1.0	0.0	0.0	0.0	0.0
ESCA	0.0	1.0	0.0	0.0	0.0	0.0
ESCA	0.0	1.0	0.0	0.0	0.0	0.0
ESCA	0.0	1.0	0.0	0.0	0.0	0.0
ESCA	0.0	1.0	0.0	0.0	0.0	0.0
ESCA	0.0	1.0	0.0	0.0	0.0	0.0
ESCA	0.0	1.0	0.0	0.0	0.0	0.0
ESCA	0.0	1.0	0.0	0.0	0.0	0.0
ESCA	0.0	1.0	0.0	0.0	0.0	0.0
ESCA	0.0	1.0	0.0	0.0	0.0	0.0
ESCA	0.0	1.0	0.0	0.0	0.0	0.0
ESCA	0.0	1.0	0.0	0.0	0.0	0.0
ESCA	0.0	1.0	0.0	0.0	0.0	0.0
ESCA	0.0					
ESCA	394.0	1.0	0.0	0.0	0.0	0.0
ESCA	204.0	1.0	0.0	0.0	0.0	0.0
ESCA	1373.0	1.0	0.0	0.0	0.0	0.0
ESCA	265.0	1.0	0.0	0.0	0.0	0.0
ESCA	0.0	1.0	0.0	0.0	0.0	0.0
ESCA	0.0	1.0	0.0	0.0	0.0	0.0
ESCA	0.0	1.0	0.0	0.0	0.0	0.0
ESCA	0.0	1.0	0.0	0.0	0.0	0.0
ESCA	0.0	1.0	0.0	0.0	0.0	0.0
ESCA	0.0	1.0	0.0	0.0	0.0	0.0
ESCA	0.0	1.0	0.0	0.0	0.0	0.0
ESCA	0.0	1.0	0.0	0.0	0.0	0.0
ESCA	0.0	1.0	0.0	0.0	0.0	0.0
ESCA	0.0	1.0	0.0	0.0	0.0	0.0
ESCA	0.0	1.0	0.0	0.0	0.0	0.0
ESCA	0.0	1.0	0.0	0.0	0.0	0.0
ESCA	0.0	1.0	0.0	0.0	0.0	0.0
ESCA	0.0	1.0	0.0	0.0	0.0	0.0
ESCA	0.0	1.0	0.0	0.0	0.0	0.0
ESCA	0.0	1.0	0.0	0.0	0.0	0.0
ESCA	0.0	1.0	0.0	0.0	0.0	0.0
ESCA	0.0	1.0	0.0	0.0	0.0	0.0
ESCA	0.0	1.0	0.0	0.0	0.0	0.0
ESCA	0.0	1.0	0.0	0.0	0.0	0.0
ESCA	0.0	1.0	0.0	0.0	0.0	0.0
ESCA	0.0	1.0	0.0	0.0	0.0	0.0
ESCA	0.0	1.0	0.0	0.0	0.0	0.0
ESCA	0.0	1.0	0.0	0.0	0.0	0.0
ESCA	0.0	1.0	0.0	0.0	0.0	0.0
ESCA	0.0	1.0	0.0	0.0	0.0	0.0
ESCA	0.0	1.0	0.0	0.0	0.0	0.0
ESCA	0.0	1.0	0.0	0.0	0.0	0.0
ESCA	0.0	1.0	0.0	0.0	0.0	0.0
ESCA	0.0					
ESCA	0.0	1.0	0.0	0.0	0.0	0.0
ESCA	0.0	1.0	0.0	0.0	0.0	0.0
ESCA	0.0	1.0	0.0	0.0	0.0	0.0
ESCA	0.0	1.0	0.0	0.0	0.0	0.0
ESCA	0.0	1.0	0.0	0.0	0.0	0.0
ESCA	0.0	1.0	0.0	0.0	0.0	0.0
ESCA	0.0	1.0	0.0	0.0	0.0	0.0
ESCA	0.0	1.0	0.0	0.0	0.0	0.0
ESCA	0.0	1.0	0.0	0.0	0.0	0.0
ESCA	0.0	1.0	0.0	0.0	0.0	0.0
ESCA	0.0	1.0	0.0	0.0	0.0	0.0
ESCA	0.0					
ESCA	0.0	1.0	0.0	0.0	0.0	0.0
ESCA	0.0	1.0	0.0	0.0	0.0	0.0
ESCA	2178.0	1.0	0.0	0.0	0.0	0.0
ESCA	2403.0	1.0	0.0	0.0	0.0	0.0
ESCA	4179.0	1.0	0.0	0.0	0.0	0.0
ESCA	1065.0	1.0	0.0	0.0	0.0	0.0
ESCA	0.0					
ESCA	0.0	1.0	0.0	0.0	0.0	0.0
ESCA	0.0	1.0	0.0	0.0	0.0	0.0
ESCA	0.0	1.0	0.0	0.0	0.0	0.0
ESCA	0.0	1.0	0.0	0.0	0.0	0.0
ESCA	0.0	1.0	0.0	0.0	0.0	0.0
ESCA	0.0	1.0	0.0	0.0	0.0	0.0
ESCA	0.0	1.0	0.0	0.0	0.0	0.0
ESCA	0.0	1.0	0.0	0.0	0.0	0.0
ESCA	0.0	1.0	0.0	0.0	0.0	0.0
ESCA	0.0	1.0	0.0	0.0	0.0	0.0
ESCA	0.0	1.0	0.0	0.0	0.0	0.0
ESCA	0.0	1.0	0.0	0.0	0.0	0.0
ESCA	0.0	1.0	0.0	0.0	0.0	0.0
ESCA	0.0	1.0	0.0	0.0	0.0	0.0
ESCA	0.0	1.0	0.0	0.0	0.0	0.0
ESCA	0.0	1.0	0.0	0.0	0.0	0.0
ESCA	0.0	1.0	0.0	0.0	0.0	0.0
ESCA	0.0	1.0	0.0	0.0	0.0	0.0
ESCA	0.0	1.0	0.0	0.0	0.0	0.0
ESCA	0.0	1.0	0.0	0.0	0.0	0.0
ESCA	0.0	1.0	0.0	0.0	0.0	0.0
ESCA	0.0	1.0	0.0	0.0	0.0	0.0
ESCA	0.0	1.0	0.0	0.0	0.0	0.0
ESCA	0.0	1.0	0.0	0.0	0.0	0.0
ESCA	0.0	1.0	0.0	0.0	0.0	0.0
ESCA	0.0	1.0	0.0	0.0	0.0	0.0
ESCA	0.0	1.0	0.0	0.0	0.0	0.0
ESCA	0.0	1.0	0.0	0.0	0.0	0.0
ESCA	0.0	1.0	0.0	0.0	0.0	0.0
ESCA	0.0	1.0	0.0	0.0	0.0	0.0
ESCA	0.0	1.0	0.0	0.0	0.0	0.0
ESCA	0.0	1.0	0.0	0.0	0.0	0.0
ESCA	0.0	1.0	0.0	0.0	0.0	0.0
ESCA	0.0	1.0	0.0	0.0	0.0	0.0
ESCA	0.0	1.0	0.0	0.0	0.0	0.0
ESCA	0.0	1.0	0.0	0.0	0.0	0.0
ESCA	0.0	1.0	0.0	0.0	0.0	0.0
ESCA	0.0	1.0	0.0	0.0	0.0	0.0
ESCA	0.0					
GBM	0.0	1.0	0.0	0.0	0.0	0.0
GBM	0.0	1.0	0.0	0.0	0.0	0.0
GBM	0.0	1.0	0.0	0.0	0.0	0.0
GBM	0.0	1.0	0.0	0.0	0.0	0.0
GBM	2002.0	1.0	0.0	0.0	0.0	0.0
GBM	1325.0	1.0	0.0	0.0	0.0	0.0
GBM	3314.0	1.0	0.0	0.0	0.0	0.0
GBM	2307.0	1.0	0.0	0.0	0.0	0.0
GBM	0.0	1.0	0.0	0.0	0.0	0.0
GBM	0.0					
GBM	0.0	1.0	0.0	0.0	0.0	0.0
GBM	0.0	1.0	0.0	0.0	0.0	0.0
GBM	0.0	1.0	0.0	0.0	0.0	0.0
GBM	0.0	1.0	0.0	0.0	0.0	0.0
GBM	0.0	1.0	0.0	0.0	0.0	0.0
GBM	0.0	1.0	0.0	0.0	0.0	0.0
GBM	0.0	1.0	0.0	0.0	0.0	0.0
GBM	0.0	1.0	0.0	0.0	0.0	0.0
GBM	0.0	1.0	0.0	0.0	0.0	0.0
GBM	0.0	1.0	0.0	0.0	0.0	0.0
GBM	0.0	1.0	0.0	0.0	0.0	0.0
GBM	0.0	1.0	0.0	0.0	0.0	0.0
GBM	0.0	1.0	0.0	0.0	0.0	0.0
GBM	0.0	1.0	0.0	0.0	0.0	0.0
GBM	0.0	1.0	0.0	0.0	0.0	0.0
GBM	0.0	1.0	0.0	0.0	0.0	0.0
GBM	0.0	1.0	0.0	0.0	0.0	0.0
GBM	0.0	1.0	0.0	0.0	0.0	0.0
GBM	0.0	1.0	0.0	0.0	0.0	0.0
GBM	0.0	1.0	0.0	0.0	0.0	0.0
GBM	0.0	1.0	0.0	0.0	0.0	0.0
GBM	0.0	1.0	0.0	0.0	0.0	0.0
GBM	0.0	1.0	0.0	0.0	0.0	0.0
GBM	0.0	1.0	0.0	0.0	0.0	0.0
GBM	0.0	1.0	0.0	0.0	0.0	0.0
GBM	0.0	1.0	0.0	0.0	0.0	0.0
GBM	0.0	1.0	0.0	0.0	0.0	0.0
GBM	0.0					
GBM	0.0	1.0	0.0	0.0	0.0	0.0
GBM	0.0	1.0	0.0	0.0	0.0	0.0
GBM	0.0	1.0	0.0	0.0	0.0	0.0
GBM	0.0	1.0	0.0	0.0	0.0	0.0
GBM	0.0	1.0	0.0	0.0	0.0	0.0
GBM	0.0	1.0	0.0	0.0	0.0	0.0
GBM	0.0	1.0	0.0	0.0	0.0	0.0
GBM	0.0	1.0	0.0	0.0	0.0	0.0
GBM	0.0	1.0	0.0	0.0	0.0	0.0
GBM	0.0	1.0	0.0	0.0	0.0	0.0
GBM	0.0	1.0	0.0	0.0	0.0	0.0
GBM	0.0	1.0	0.0	0.0	0.0	0.0
GBM	0.0	1.0	0.0	0.0	0.0	0.0
GBM	0.0					
GBM	1898.0	1.0	0.0	0.0	0.0	0.0
GBM	2491.0	1.0	0.0	0.0	0.0	0.0
GBM	5150.0	1.0	0.0	0.0	0.0	0.0
GBM	971.0	1.0	0.0	0.0	0.0	0.0
GBM	0.0	1.0	0.0	0.0	0.0	0.0
GBM	0.0	1.0	0.0	0.0	0.0	0.0
GBM	0.0	1.0	0.0	0.0	0.0	0.0
GBM	0.0	1.0	0.0	0.0	0.0	0.0
GBM	0.0	1.0	0.0	0.0	0.0	0.0
GBM	0.0	1.0	0.0	0.0	0.0	0.0
GBM	0.0	1.0	0.0	0.0	0.0	0.0
GBM	0.0	1.0	0.0	0.0	0.0	0.0
GBM	0.0	1.0	0.0	0.0	0.0	0.0
GBM	0.0	1.0	0.0	0.0	0.0	0.0
GBM	0.0	1.0	0.0	0.0	0.0	0.0
GBM	0.0	1.0	0.0	0.0	0.0	0.0
GBM	0.0	1.0	0.0	0.0	0.0	0.0
GBM	0.0	1.0	0.0	0.0	0.0	0.0
GBM	0.0	1.0	0.0	0.0	0.0	0.0
GBM	0.0	1.0	0.0	0.0	0.0	0.0
GBM	0.0	1.0	0.0	0.0	0.0	0.0
GBM	0.0	1.0	0.0	0.0	0.0	0.0
GBM	0.0	1.0	0.0	0.0	0.0	0.0
GBM	0.0	1.0	0.0	0.0	0.0	0.0
GBM	0.0	1.0	0.0	0.0	0.0	0.0
GBM	0.0	1.0	0.0	0.0	0.0	0.0
GBM	0.0					
GBM	0.0	1.0	0.0	0.0	0.0	0.0
GBM	0.0	1.0	0.0	0.0	0.0	0.0
GBM	0.0	1.0	0.0	0.0	0.0	0.0
GBM	0.0	1.0	0.0	0.0	0.0	0.0
GBM	0.0	1.0	0.0	0.0	0.0	0.0
GBM	0.0	1.0	0.0	0.0	0.0	0.0
GBM	0.0	1.0	0.0	0.0	0.0	0.0
GBM	0.0	1.0	0.0	0.0	0.0	0.0
GBM	0.0	1.0	0.0	0.0	0.0	0.0
GBM	0.0	1.0	0.0	0.0	0.0	0.0
GBM	0.0	1.0	0.0	0.0	0.0	0.0
GBM	0.0	1.0	0.0	0.0	0.0	0.0
GBM	0.0	1.0	0.0	0.0	0.0	0.0
GBM	0.0	1.0	0.0	0.0	0.0	0.0
GBM	0.0	1.0	0.0	0.0	0.0	0.0
GBM	0.0	1.0	0.0	0.0	0.0	0.0
GBM	0.0	1.0	0.0	0.0	0.0	0.0
GBM	0.0	1.0	0.0	0.0	0.0	0.0
GBM	0.0	1.0	0.0	0.0	0.0	0.0
GBM	0.0	1.0	0.0	0.0	0.0	0.0
GBM	0.0					
GBM	394.0	1.0	0.0	0.0	0.0	0.0
GBM	204.0	1.0	0.0	0.0	0.0	0.0
GBM	1373.0	1.0	0.0	0.0	0.0	0.0
GBM	265.0	1.0	0.0	0.0	0.0	0.0
GBM	0.0	1.0	0.0	0.0	0.0	0.0
GBM	0.0	1.0	0.0	0.0	0.0	0.0
GBM	0.0	1.0	0.0	0.0	0.0	0.0
GBM	0.0	1.0	0.0	0.0	0.0	0.0
GBM	0.0	1.0	0.0	0.0	0.0	0.0
GBM	0.0	1.0	0.0	0.0	0.0	0.0
GBM	0.0	1.0	0.0	0.0	0.0	0.0
GBM	0.0	1.0	0.0	0.0	0.0	0.0
GBM	0.0	1.0	0.0	0.0	0.0	0.0
GBM	0.0	1.0	0.0	0.0	0.0	0.0
GBM	0.0	1.0	0.0	0.0	0.0	0.0
GBM	0.0	1.0	0.0	0.0	0.0	0.0
GBM	0.0	1.0	0.0	0.0	0.0	0.0
GBM	0.0	1.0	0.0	0.0	0.0	0.0
GBM	0.0	1.0	0.0	0.0	0.0	0.0
GBM	0.0	1.0	0.0	0.0	0.0	0.0
GBM	0.0	1.0	0.0	0.0	0.0	0.0
GBM	0.0	1.0	0.0	0.0	0.0	0.0
GBM	0.0	1.0	0.0	0.0	0.0	0.0
GBM	0.0	1.0	0.0	0.0	0.0	0.0
GBM	0.0	1.0	0.0	0.0	0.0	0.0
GBM	0.0	1.0	0.0	0.0	0.0	0.0
GBM	0.0	1.0	0.0	0.0	0.0	0.0
GBM	0.0	1.0	0.0	0.0	0.0	0.0
GBM	0.0	1.0	0.0	0.0	0.0	0.0
GBM	0.0	1.0	0.0	0.0	0.0	0.0
GBM	0.0	1.0	0.0	0.0	0.0	0.0
GBM	0.0	1.0	0.0	0.0	0.0	0.0
GBM	0.0	1.0	0.0	0.0	0.0	0.0
GBM	0.0					
GBM	0.0	1.0	0.0	0.0	0.0	0.0
GBM	0.0	1.0	0.0	0.0	0.0	0.0
GBM	0.0	1.0	0.0	0.0	0.0	0.0
GBM	0.0	1.0	0.0	0.0	0.0	0.0
GBM	0.0	1.0	0.0	0.0	0.0	0.0
GBM	0.0	1.0	0.0	0.0	0.0	0.0
GBM	0.0	1.0	0.0	0.0	0.0	0.0
GBM	0.0	1.0	0.0	0.0	0.0	0.0
GBM	0.0	1.0	0.0	0.0	0.0	0.0
GBM	0.0	1.0	0.0	0.0	0.0	0.0
GBM	0.0	1.0	0.0	0.0	0.0	0.0
GBM	0.0					
GBM	0.0	1.0	0.0	0.0	0.0	0.0
GBM	0.0	1.0	0.0	0.0	0.0	0.0
GBM	2178.0	1.0	0.0	0.0	0.0	0.0
GBM	2403.0	1.0	0.0	0.0	0.0	0.0
GBM	4179.0	1.0	0.0	0.0	0.0	0.0
GBM	1065.0	1.0	0.0	0.0	0.0	0.0
GBM	0.0					
GBM	0.0	1.0	0.0	0.0	0.0	0.0
GBM	0.0	1.0	0.0	0.0	0.0	0.0
GBM	0.0	1.0	0.0	0.0	0.0	0.0
GBM	0.0	1.0	0.0	0.0	0.0	0.0
GBM	0.0	1.0	0.0	0.0	0.0	0.0
GBM	0.0	1.0	0.0	0.0	0.0	0.0
GBM	0.0	1.0	0.0	0.0	0.0	0.0
GBM	0.0	1.0	0.0	0.0	0.0	0.0
GBM	0.0	1.0	0.0	0.0	0.0	0.0
GBM	0.0	1.0	0.0	0.0	0.0	0.0
GBM	0.0	1.0	0.0	0.0	0.0	0.0
GBM	0.0	1.0	0.0	0.0	0.0	0.0
GBM	0.0	1.0	0.0	0.0	0.0	0.0
GBM	0.0	1.0	0.0	0.0	0.0	0.0
GBM	0.0	1.0	0.0	0.0	0.0	0.0
GBM	0.0	1.0	0.0	0.0	0.0	0.0
GBM	0.0	1.0	0.0	0.0	0.0	0.0
GBM	0.0	1.0	0.0	0.0	0.0	0.0
GBM	0.0	1.0	0.0	0.0	0.0	0.0
GBM	0.0	1.0	0.0	0.0	0.0	0.0
GBM	0.0	1.0	0.0	0.0	0.0	0.0
GBM	0.0	1.0	0.0	0.0	0.0	0.0
GBM	0.0	1.0	0.0	0.0	0.0	0.0
GBM	0.0	1.0	0.0	0.0	0.0	0.0
GBM	0.0	1.0	0.0	0.0	0.0	0.0
GBM	0.0	1.0	0.0	0.0	0.0	0.0
GBM	0.0	1.0	0.0	0.0	0.0	0.0
GBM	0.0	1.0	0.0	0.0	0.0	0.0
GBM	0.0	1.0	0.0	0.0	0.0	0.0
GBM	0.0	1.0	0.0	0.0	0.0	0.0
GBM	0.0	1.0	0.0	0.0	0.0	0.0
GBM	0.0	1.0	0.0	0.0	0.0	0.0
GBM	0.0	1.0	0.0	0.0	0.0	0.0
GBM	0.0	1.0	0.0	0.0	0.0	0.0
GBM	0.0	1.0	0.0	0.0	0.0	0.0
GBM	0.0	1.0	0.0	0.0	0.0	0.0
GBM	0.0	1.0	0.0	0.0	0.0	0.0
GBM	0.0	1.0	0.0	0.0	0.0	0.0
GBM	0.0					
HNSC	0.0	1.0	0.0	0.0	0.0	0.0
HNSC	0.0	1.0	0.0	0.0	0.0	0.0
HNSC	0.0	1.0	0.0	0.0	0.0	0.0
HNSC	0.0	1.0	0.0	0.0	0.0	0.0
HNSC	2002.0	1.0	0.0	0.0	0.0	0.0
HNSC	1325.0	1.0	0.0	0.0	0.0	0.0
HNSC	3314.0	1.0	0.0	0.0	0.0	0.0
HNSC	2307.0	1.0	0.0	0.0	0.0	0.0
HNSC	0.0	1.0	0.0	0.0	0.0	0.0
HNSC	0.0					
HNSC	0.0	1.0	0.0	0.0	0.0	0.0
HNSC	0.0	1.0	0.0	0.0	0.0	0.0
HNSC	0.0	1.0	0.0	0.0	0.0	0.0
HNSC	0.0	1.0	0.0	0.0	0.0	0.0
HNSC	0.0	1.0	0.0	0.0	0.0	0.0
HNSC	0.0	1.0	0.0	0.0	0.0	0.0
HNSC	0.0	1.0	0.0	0.0	0.0	0.0
HNSC	0.0	1.0	0.0	0.0	0.0	0.0
HNSC	0.0	1.0	0.0	0.0	0.0	0.0
HNSC	0.0	1.0	0.0	0.0	0.0	0.0
HNSC	0.0	1.0	0.0	0.0	0.0	0.0
HNSC	0.0	1.0	0.0	0.0	0.0	0.0
HNSC	0.0	1.0	0.0	0.0	0.0	0.0
HNSC	0.0	1.0	0.0	0.0	0.0	0.0
HNSC	0.0	1.0	0.0	0.0	0.0	0.0
HNSC	0.0	1.0	0.0	0.0	0.0	0.0
HNSC	0.0	1.0	0.0	0.0	0.0	0.0
HNSC	0.0	1.0	0.0	0.0	0.0	0.0
HNSC	0.0	1.0	0.0	0.0	0.0	0.0
HNSC	0.0	1.0	0.0	0.0	0.0	0.0
HNSC	0.0	1.0	0.0	0.0	0.0	0.0
HNSC	0.0	1.0	0.0	0.0	0.0	0.0
HNSC	0.0	1.0	0.0	0.0	0.0	0.0
HNSC	0.0	1.0	0.0	0.0	0.0	0.0
HNSC	0.0	1.0	0.0	0.0	0.0	0.0
HNSC	0.0	1.0	0.0	0.0	0.0	0.0
HNSC	0.0	1.0	0.0	0.0	0.0	0.0
HNSC	0.0					
HNSC	0.0	1.0	0.0	0.0	0.0	0.0
HNSC	0.0	1.0	0.0	0.0	0.0	0.0
HNSC	0.0	1.0	0.0	0.0	0.0	0.0
HNSC	0.0	1.0	0.0	0.0	0.0	0.0
HNSC	0.0	1.0	0.0	0.0	0.0	0.0
HNSC	0.0	1.0	0.0	0.0	0.0	0.0
HNSC	0.0	1.0	0.0	0.0	0.0	0.0
HNSC	0.0	1.0	0.0	0.0	0.0	0.0
HNSC	0.0	1.0	0.0	0.0	0.0	0.0
HNSC	0.0	1.0	0.0	0.0	0.0	0.0
HNSC	0.0	1.0	0.0	0.0	0.0	0.0
HNSC	0.0	1.0	0.0	0.0	0.0	0.0
HNSC	0.0	1.0	0.0	0.0	0.0	0.0
HNSC	0.0					
HNSC	1898.0	1.0	0.0	0.0	0.0	0.0
HNSC	2491.0	1.0	0.0	0.0	0.0	0.0
HNSC	5150.0	1.0	0.0	0.0	0.0	0.0
HNSC	971.0	1.0	0.0	0.0	0.0	0.0
HNSC	0.0	1.0	0.0	0.0	0.0	0.0
HNSC	0.0	1.0	0.0	0.0	0.0	0.0
HNSC	0.0	1.0	0.0	0.0	0.0	0.0
HNSC	0.0	1.0	0.0	0.0	0.0	0.0
HNSC	0.0	1.0	0.0	0.0	0.0	0.0
HNSC	0.0	1.0	0.0	0.0	0.0	0.0
HNSC	0.0	1.0	0.0	0.0	0.0	0.0
HNSC	0.0	1.0	0.0	0.0	0.0	0.0
HNSC	0.0	1.0	0.0	0.0	0.0	0.0
HNSC	0.0	1.0	0.0	0.0	0.0	0.0
HNSC	0.0	1.0	0.0	0.0	0.0	0.0
HNSC	0.0	1.0	0.0	0.0	0.0	0.0
HNSC	0.0	1.0	0.0	0.0	0.0	0.0
HNSC	0.0	1.0	0.0	0.0	0.0	0.0
HNSC	0.0	1.0	0.0	0.0	0.0	0.0
HNSC	0.0	1.0	0.0	0.0	0.0	0.0
HNSC	0.0	1.0	0.0	0.0	0.0	0.0
HNSC	0.0	1.0	0.0	0.0	0.0	0.0
HNSC	0.0	1.0	0.0	0.0	0.0	0.0
HNSC	0.0	1.0	0.0	0.0	0.0	0.0
HNSC	0.0	1.0	0.0	0.0	0.0	0.0
HNSC	0.0	1.0	0.0	0.0	0.0	0.0
HNSC	0.0					
HNSC	0.0	1.0	0.0	0.0	0.0	0.0
HNSC	0.0	1.0	0.0	0.0	0.0	0.0
HNSC	0.0	1.0	0.0	0.0	0.0	0.0
HNSC	0.0	1.0	0.0	0.0	0.0	0.0
HNSC	0.0	1.0	0.0	0.0	0.0	0.0
HNSC	0.0	1.0	0.0	0.0	0.0	0.0
HNSC	0.0	1.0	0.0	0.0	0.0	0.0
HNSC	0.0	1.0	0.0	0.0	0.0	0.0
HNSC	0.0	1.0	0.0	0.0	0.0	0.0
HNSC	0.0	1.0	0.0	0.0	0.0	0.0
HNSC	0.0	1.0	0.0	0.0	0.0	0.0
HNSC	0.0	1.0	0.0	0.0	0.0	0.0
HNSC	0.0	1.0	0.0	0.0	0.0	0.0
HNSC	0.0	1.0	0.0	0.0	0.0	0.0
HNSC	0.0	1.0	0.0	0.0	0.0	0.0
HNSC	0.0	1.0	0.0	0.0	0.0	0.0
HNSC	0.0	1.0	0.0	0.0	0.0	0.0
HNSC	0.0	1.0	0.0	0.0	0.0	0.0
HNSC	0.0	1.0	0.0	0.0	0.0	0.0
HNSC	0.0	1.0	0.0	0.0	0.0	0.0
HNSC	0.0					
HNSC	394.0	1.0	0.0	0.0	0.0	0.0
HNSC	204.0	1.0	0.0	0.0	0.0	0.0
HNSC	1373.0	1.0	0.0	0.0	0.0	0.0
HNSC	265.0	1.0	0.0	0.0	0.0	0.0
HNSC	0.0	1.0	0.0	0.0	0.0	0.0
HNSC	0.0	1.0	0.0	0.0	0.0	0.0
HNSC	0.0	1.0	0.0	0.0	0.0	0.0
HNSC	0.0	1.0	0.0	0.0	0.0	0.0
HNSC	0.0	1.0	0.0	0.0	0.0	0.0
HNSC	0.0	1.0	0.0	0.0	0.0	0.0
HNSC	0.0	1.0	0.0	0.0	0.0	0.0
HNSC	0.0	1.0	0.0	0.0	0.0	0.0
HNSC	0.0	1.0	0.0	0.0	0.0	0.0
HNSC	0.0	1.0	0.0	0.0	0.0	0.0
HNSC	0.0	1.0	0.0	0.0	0.0	0.0
HNSC	0.0	1.0	0.0	0.0	0.0	0.0
HNSC	0.0	1.0	0.0	0.0	0.0	0.0
HNSC	0.0	1.0	0.0	0.0	0.0	0.0
HNSC	0.0	1.0	0.0	0.0	0.0	0.0
HNSC	0.0	1.0	0.0	0.0	0.0	0.0
HNSC	0.0	1.0	0.0	0.0	0.0	0.0
HNSC	0.0	1.0	0.0	0.0	0.0	0.0
HNSC	0.0	1.0	0.0	0.0	0.0	0.0
HNSC	0.0	1.0	0.0	0.0	0.0	0.0
HNSC	0.0	1.0	0.0	0.0	0.0	0.0
HNSC	0.0	1.0	0.0	0.0	0.0	0.0
HNSC	0.0	1.0	0.0	0.0	0.0	0.0
HNSC	0.0	1.0	0.0	0.0	0.0	0.0
HNSC	0.0	1.0	0.0	0.0	0.0	0.0
HNSC	0.0	1.0	0.0	0.0	0.0	0.0
HNSC	0.0	1.0	0.0	0.0	0.0	0.0
HNSC	0.0	1.0	0.0	0.0	0.0	0.0
HNSC	0.0	1.0	0.0	0.0	0.0	0.0
HNSC	0.0					
HNSC	0.0	1.0	0.0	0.0	0.0	0.0
HNSC	0.0	1.0	0.0	0.0	0.0	0.0
HNSC	0.0	1.0	0.0	0.0	0.0	0.0
HNSC	0.0	1.0	0.0	0.0	0.0	0.0
HNSC	0.0	1.0	0.0	0.0	0.0	0.0
HNSC	0.0	1.0	0.0	0.0	0.0	0.0
HNSC	0.0	1.0	0.0	0.0	0.0	0.0
HNSC	0.0	1.0	0.0	0.0	0.0	0.0
HNSC	0.0	1.0	0.0	0.0	0.0	0.0
HNSC	0.0	1.0	0.0	0.0	0.0	0.0
HNSC	0.0	1.0	0.0	0.0	0.0	0.0
HNSC	0.0					
HNSC	0.0	1.0	0.0	0.0	0.0	0.0
HNSC	0.0	1.0	0.0	0.0	0.0	0.0
HNSC	2178.0	1.0	0.0	0.0	0.0	0.0
HNSC	2403.0	1.0	0.0	0.0	0.0	0.0
HNSC	4179.0	1.0	0.0	0.0	0.0	0.0
HNSC	1065.0	1.0	0.0	0.0	0.0	0.0
HNSC	0.0					
HNSC	0.0	1.0	0.0	0.0	0.0	0.0
HNSC	0.0	1.0	0.0	0.0	0.0	0.0
HNSC	0.0	1.0	0.0	0.0	0.0	0.0
HNSC	0.0	1.0	0.0	0.0	0.0	0.0
HNSC	0.0	1.0	0.0	0.0	0.0	0.0
HNSC	0.0	1.0	0.0	0.0	0.0	0.0
HNSC	0.0	1.0	0.0	0.0	0.0	0.0
HNSC	0.0	1.0	0.0	0.0	0.0	0.0
HNSC	0.0	1.0	0.0	0.0	0.0	0.0
HNSC	0.0	1.0	0.0	0.0	0.0	0.0
HNSC	0.0	1.0	0.0	0.0	0.0	0.0
HNSC	0.0	1.0	0.0	0.0	0.0	0.0
HNSC	0.0	1.0	0.0	0.0	0.0	0.0
HNSC	0.0	1.0	0.0	0.0	0.0	0.0
HNSC	0.0	1.0	0.0	0.0	0.0	0.0
HNSC	0.0	1.0	0.0	0.0	0.0	0.0
HNSC	0.0	1.0	0.0	0.0	0.0	0.0
HNSC	0.0	1.0	0.0	0.0	0.0	0.0
HNSC	0.0	1.0	0.0	0.0	0.0	0.0
HNSC	0.0	1.0	0.0	0.0	0.0	0.0
HNSC	0.0	1.0	0.0	0.0	0.0	0.0
HNSC	0.0	1.0	0.0	0.0	0.0	0.0
HNSC	0.0	1.0	0.0	0.0	0.0	0.0
HNSC	0.0	1.0	0.0	0.0	0.0	0.0
HNSC	0.0	1.0	0.0	0.0	0.0	0.0
HNSC	0.0	1.0	0.0	0.0	0.0	0.0
HNSC	0.0	1.0	0.0	0.0	0.0	0.0
HNSC	0.0	1.0	0.0	0.0	0.0	0.0
HNSC	0.0	1.0	0.0	0.0	0.0	0.0
HNSC	0.0	1.0	0.0	0.0	0.0	0.0
HNSC	0.0	1.0	0.0	0.0	0.0	0.0
HNSC	0.0	1.0	0.0	0.0	0.0	0.0
HNSC	0.0	1.0	0.0	0.0	0.0	0.0
HNSC	0.0	1.0	0.0	0.0	0.0	0.0
HNSC	0.0	1.0	0.0	0.0	0.0	0.0
HNSC	0.0	1.0	0.0	0.0	0.0	0.0
HNSC	0.0	1.0	0.0	0.0	0.0	0.0
HNSC	0.0	1.0	0.0	0.0	0.0	0.0
HNSC	0.0					
KICH	0.0	1.0	0.0	0.0	0.0	0.0
KICH	0.0	1.0	0.0	0.0	0.0	0.0
KICH	0.0	1.0	0.0	0.0	0.0	0.0
KICH	0.0	1.0	0.0	0.0	0.0	0.0
KICH	2002.0	1.0	0.0	0.0	0.0	0.0
KICH	1325.0	1.0	0.0	0.0	0.0	0.0
KICH	3314.0	1.0	0.0	0.0	0.0	0.0
KICH	2307.0	1.0	0.0	0.0	0.0	0.0
KICH	0.0	1.0	0.0	0.0	0.0	0.0
KICH	0.0					
KICH	0.0	1.0	0.0	0.0	0.0	0.0
KICH	0.0	1.0	0.0	0.0	0.0	0.0
KICH	0.0	1.0	0.0	0.0	0.0	0.0
KICH	0.0	1.0	0.0	0.0	0.0	0.0
KICH	0.0	1.0	0.0	0.0	0.0	0.0
KICH	0.0	1.0	0.0	0.0	0.0	0.0
KICH	0.0	1.0	0.0	0.0	0.0	0.0
KICH	0.0	1.0	0.0	0.0	0.0	0.0
KICH	0.0	1.0	0.0	0.0	0.0	0.0
KICH	0.0	1.0	0.0	0.0	0.0	0.0
KICH	0.0	1.0	0.0	0.0	0.0	0.0
KICH	0.0	1.0	0.0	0.0	0.0	0.0
KICH	0.0	1.0	0.0	0.0	0.0	0.0
KICH	0.0	1.0	0.0	0.0	0.0	0.0
KICH	0.0	1.0	0.0	0.0	0.0	0.0
KICH	0.0	1.0	0.0	0.0	0.0	0.0
KICH	0.0	1.0	0.0	0.0	0.0	0.0
KICH	0.0	1.0	0.0	0.0	0.0	0.0
KICH	0.0	1.0	0.0	0.0	0.0	0.0
KICH	0.0	1.0	0.0	0.0	0.0	0.0
KICH	0.0	1.0	0.0	0.0	0.0	0.0
KICH	0.0	1.0	0.0	0.0	0.0	0.0
KICH	0.0	1.0	0.0	0.0	0.0	0.0
KICH	0.0	1.0	0.0	0.0	0.0	0.0
KICH	0.0	1.0	0.0	0.0	0.0	0.0
KICH	0.0	1.0	0.0	0.0	0.0	0.0
KICH	0.0	1.0	0.0	0.0	0.0	0.0
KICH	0.0					
KICH	0.0	1.0	0.0	0.0	0.0	0.0
KICH	0.0	1.0	0.0	0.0	0.0	0.0
KICH	0.0	1.0	0.0	0.0	0.0	0.0
KICH	0.0	1.0	0.0	0.0	0.0	0.0
KICH	0.0	1.0	0.0	0.0	0.0	0.0
KICH	0.0	1.0	0.0	0.0	0.0	0.0
KICH	0.0	1.0	0.0	0.0	0.0	0.0
KICH	0.0	1.0	0.0	0.0	0.0	0.0
KICH	0.0	1.0	0.0	0.0	0.0	0.0
KICH	0.0	1.0	0.0	0.0	0.0	0.0
KICH	0.0	1.0	0.0	0.0	0.0	0.0
KICH	0.0	1.0	0.0	0.0	0.0	0.0
KICH	0.0	1.0	0.0	0.0	0.0	0.0
KICH	0.0					
KICH	1898.0	1.0	0.0	0.0	0.0	0.0
KICH	2491.0	1.0	0.0	0.0	0.0	0.0
KICH	5150.0	1.0	0.0	0.0	0.0	0.0
KICH	971.0	1.0	0.0	0.0	0.0	0.0
KICH	0.0	1.0	0.0	0.0	0.0	0.0
KICH	0.0	1.0	0.0	0.0	0.0	0.0
KICH	0.0	1.0	0.0	0.0	0.0	0.0
KICH	0.0	1.0	0.0	0.0	0.0	0.0
KICH	0.0	1.0	0.0	0.0	0.0	0.0
KICH	0.0	1.0	0.0	0.0	0.0	0.0
KICH	0.0	1.0	0.0	0.0	0.0	0.0
KICH	0.0	1.0	0.0	0.0	0.0	0.0
KICH	0.0	1.0	0.0	0.0	0.0	0.0
KICH	0.0	1.0	0.0	0.0	0.0	0.0
KICH	0.0	1.0	0.0	0.0	0.0	0.0
KICH	0.0	1.0	0.0	0.0	0.0	0.0
KICH	0.0	1.0	0.0	0.0	0.0	0.0
KICH	0.0	1.0	0.0	0.0	0.0	0.0
KICH	0.0	1.0	0.0	0.0	0.0	0.0
KICH	0.0	1.0	0.0	0.0	0.0	0.0
KICH	0.0	1.0	0.0	0.0	0.0	0.0
KICH	0.0	1.0	0.0	0.0	0.0	0.0
KICH	0.0	1.0	0.0	0.0	0.0	0.0
KICH	0.0	1.0	0.0	0.0	0.0	0.0
KICH	0.0	1.0	0.0	0.0	0.0	0.0
KICH	0.0	1.0	0.0	0.0	0.0	0.0
KICH	0.0					
KICH	0.0	1.0	0.0	0.0	0.0	0.0
KICH	0.0	1.0	0.0	0.0	0.0	0.0
KICH	0.0	1.0	0.0	0.0	0.0	0.0
KICH	0.0	1.0	0.0	0.0	0.0	0.0
KICH	0.0	1.0	0.0	0.0	0.0	0.0
KICH	0.0	1.0	0.0	0.0	0.0	0.0
KICH	0.0	1.0	0.0	0.0	0.0	0.0
KICH	0.0	1.0	0.0	0.0	0.0	0.0
KICH	0.0	1.0	0.0	0.0	0.0	0.0
KICH	0.0	1.0	0.0	0.0	0.0	0.0
KICH	0.0	1.0	0.0	0.0	0.0	0.0
KICH	0.0	1.0	0.0	0.0	0.0	0.0
KICH	0.0	1.0	0.0	0.0	0.0	0.0
KICH	0.0	1.0	0.0	0.0	0.0	0.0
KICH	0.0	1.0	0.0	0.0	0.0	0.0
KICH	0.0	1.0	0.0	0.0	0.0	0.0
KICH	0.0	1.0	0.0	0.0	0.0	0.0
KICH	0.0	1.0	0.0	0.0	0.0	0.0
KICH	0.0	1.0	0.0	0.0	0.0	0.0
KICH	0.0	1.0	0.0	0.0	0.0	0.0
KICH	0.0					
KICH	394.0	1.0	0.0	0.0	0.0	0.0
KICH	204.0	1.0	0.0	0.0	0.0	0.0
KICH	1373.0	1.0	0.0	0.0	0.0	0.0
KICH	265.0	1.0	0.0	0.0	0.0	0.0
KICH	0.0	1.0	0.0	0.0	0.0	0.0
KICH	0.0	1.0	0.0	0.0	0.0	0.0
KICH	0.0	1.0	0.0	0.0	0.0	0.0
KICH	0.0	1.0	0.0	0.0	0.0	0.0
KICH	0.0	1.0	0.0	0.0	0.0	0.0
KICH	0.0	1.0	0.0	0.0	0.0	0.0
KICH	0.0	1.0	0.0	0.0	0.0	0.0
KICH	0.0	1.0	0.0	0.0	0.0	0.0
KICH	0.0	1.0	0.0	0.0	0.0	0.0
KICH	0.0	1.0	0.0	0.0	0.0	0.0
KICH	0.0	1.0	0.0	0.0	0.0	0.0
KICH	0.0	1.0	0.0	0.0	0.0	0.0
KICH	0.0	1.0	0.0	0.0	0.0	0.0
KICH	0.0	1.0	0.0	0.0	0.0	0.0
KICH	0.0	1.0	0.0	0.0	0.0	0.0
KICH	0.0	1.0	0.0	0.0	0.0	0.0
KICH	0.0	1.0	0.0	0.0	0.0	0.0
KICH	0.0	1.0	0.0	0.0	0.0	0.0
KICH	0.0	1.0	0.0	0.0	0.0	0.0
KICH	0.0	1.0	0.0	0.0	0.0	0.0
KICH	0.0	1.0	0.0	0.0	0.0	0.0
KICH	0.0	1.0	0.0	0.0	0.0	0.0
KICH	0.0	1.0	0.0	0.0	0.0	0.0
KICH	0.0	1.0	0.0	0.0	0.0	0.0
KICH	0.0	1.0	0.0	0.0	0.0	0.0
KICH	0.0	1.0	0.0	0.0	0.0	0.0
KICH	0.0	1.0	0.0	0.0	0.0	0.0
KICH	0.0	1.0	0.0	0.0	0.0	0.0
KICH	0.0	1.0	0.0	0.0	0.0	0.0
KICH	0.0					
KICH	0.0	1.0	0.0	0.0	0.0	0.0
KICH	0.0	1.0	0.0	0.0	0.0	0.0
KICH	0.0	1.0	0.0	0.0	0.0	0.0
KICH	0.0	1.0	0.0	0.0	0.0	0.0
KICH	0.0	1.0	0.0	0.0	0.0	0.0
KICH	0.0	1.0	0.0	0.0	0.0	0.0
KICH	0.0	1.0	0.0	0.0	0.0	0.0
KICH	0.0	1.0	0.0	0.0	0.0	0.0
KICH	0.0	1.0	0.0	0.0	0.0	0.0
KICH	0.0	1.0	0.0	0.0	0.0	0.0
KICH	0.0	1.0	0.0	0.0	0.0	0.0
KICH	0.0					
KICH	0.0	1.0	0.0	0.0	0.0	0.0
KICH	0.0	1.0	0.0	0.0	0.0	0.0
KICH	2178.0	1.0	0.0	0.0	0.0	0.0
KICH	2403.0	1.0	0.0	0.0	0.0	0.0
KICH	4179.0	1.0	0.0	0.0	0.0	0.0
KICH	1065.0	1.0	0.0	0.0	0.0	0.0
KICH	0.0					
KICH	0.0	1.0	0.0	0.0	0.0	0.0
KICH	0.0	1.0	0.0	0.0	0.0	0.0
KICH	0.0	1.0	0.0	0.0	0.0	0.0
KICH	0.0	1.0	0.0	0.0	0.0	0.0
KICH	0.0	1.0	0.0	0.0	0.0	0.0
KICH	0.0	1.0	0.0	0.0	0.0	0.0
KICH	0.0	1.0	0.0	0.0	0.0	0.0
KICH	0.0	1.0	0.0	0.0	0.0	0.0
KICH	0.0	1.0	0.0	0.0	0.0	0.0
KICH	0.0	1.0	0.0	0.0	0.0	0.0
KICH	0.0	1.0	0.0	0.0	0.0	0.0
KICH	0.0	1.0	0.0	0.0	0.0	0.0
KICH	0.0	1.0	0.0	0.0	0.0	0.0
KICH	0.0	1.0	0.0	0.0	0.0	0.0
KICH	0.0	1.0	0.0	0.0	0.0	0.0
KICH	0.0	1.0	0.0	0.0	0.0	0.0
KICH	0.0	1.0	0.0	0.0	0.0	0.0
KICH	0.0	1.0	0.0	0.0	0.0	0.0
KICH	0.0	1.0	0.0	0.0	0.0	0.0
KICH	0.0	1.0	0.0	0.0	0.0	0.0
KICH	0.0	1.0	0.0	0.0	0.0	0.0
KICH	0.0	1.0	0.0	0.0	0.0	0.0
KICH	0.0	1.0	0.0	0.0	0.0	0.0
KICH	0.0	1.0	0.0	0.0	0.0	0.0
KICH	0.0	1.0	0.0	0.0	0.0	0.0
KICH	0.0	1.0	0.0	0.0	0.0	0.0
KICH	0.0	1.0	0.0	0.0	0.0	0.0
KICH	0.0	1.0	0.0	0.0	0.0	0.0
KICH	0.0	1.0	0.0	0.0	0.0	0.0
KICH	0.0	1.0	0.0	0.0	0.0	0.0
KICH	0.0	1.0	0.0	0.0	0.0	0.0
KICH	0.0	1.0	0.0	0.0	0.0	0.0
KICH	0.0	1.0	0.0	0.0	0.0	0.0
KICH	0.0	1.0	0.0	0.0	0.0	0.0
KICH	0.0	1.0	0.0	0.0	0.0	0.0
KICH	0.0	1.0	0.0	0.0	0.0	0.0
KICH	0.0	1.0	0.0	0.0	0.0	0.0
KICH	0.0	1.0	0.0	0.0	0.0	0.0
KICH	0.0					
KIRC	0.0	1.0	0.0	0.0	0.0	0.0
KIRC	0.0	1.0	0.0	0.0	0.0	0.0
KIRC	0.0	1.0	0.0	0.0	0.0	0.0
KIRC	0.0	1.0	0.0	0.0	0.0	0.0
KIRC	2002.0	1.0	0.0	0.0	0.0	0.0
KIRC	1325.0	1.0	0.0	0.0	0.0	0.0
KIRC	3314.0	1.0	0.0	0.0	0.0	0.0
KIRC	2307.0	1.0	0.0	0.0	0.0	0.0
KIRC	0.0	1.0	0.0	0.0	0.0	0.0
KIRC	0.0					
KIRC	0.0	1.0	0.0	0.0	0.0	0.0
KIRC	0.0	1.0	0.0	0.0	0.0	0.0
KIRC	0.0	1.0	0.0	0.0	0.0	0.0
KIRC	0.0	1.0	0.0	0.0	0.0	0.0
KIRC	0.0	1.0	0.0	0.0	0.0	0.0
KIRC	0.0	1.0	0.0	0.0	0.0	0.0
KIRC	0.0	1.0	0.0	0.0	0.0	0.0
KIRC	0.0	1.0	0.0	0.0	0.0	0.0
KIRC	0.0	1.0	0.0	0.0	0.0	0.0
KIRC	0.0	1.0	0.0	0.0	0.0	0.0
KIRC	0.0	1.0	0.0	0.0	0.0	0.0
KIRC	0.0	1.0	0.0	0.0	0.0	0.0
KIRC	0.0	1.0	0.0	0.0	0.0	0.0
KIRC	0.0	1.0	0.0	0.0	0.0	0.0
KIRC	0.0	1.0	0.0	0.0	0.0	0.0
KIRC	0.0	1.0	0.0	0.0	0.0	0.0
KIRC	0.0	1.0	0.0	0.0	0.0	0.0
KIRC	0.0	1.0	0.0	0.0	0.0	0.0
KIRC	0.0	1.0	0.0	0.0	0.0	0.0
KIRC	0.0	1.0	0.0	0.0	0.0	0.0
KIRC	0.0	1.0	0.0	0.0	0.0	0.0
KIRC	0.0	1.0	0.0	0.0	0.0	0.0
KIRC	0.0	1.0	0.0	0.0	0.0	0.0
KIRC	0.0	1.0	0.0	0.0	0.0	0.0
KIRC	0.0	1.0	0.0	0.0	0.0	0.0
KIRC	0.0	1.0	0.0	0.0	0.0	0.0
KIRC	0.0	1.0	0.0	0.0	0.0	0.0
KIRC	0.0					
KIRC	0.0	1.0	0.0	0.0	0.0	0.0
KIRC	0.0	1.0	0.0	0.0	0.0	0.0
KIRC	0.0	1.0	0.0	0.0	0.0	0.0
KIRC	0.0	1.0	0.0	0.0	0.0	0.0
KIRC	0.0	1.0	0.0	0.0	0.0	0.0
KIRC	0.0	1.0	0.0	0.0	0.0	0.0
KIRC	0.0	1.0	0.0	0.0	0.0	0.0
KIRC	0.0	1.0	0.0	0.0	0.0	0.0
KIRC	0.0	1.0	0.0	0.0	0.0	0.0
KIRC	0.0	1.0	0.0	0.0	0.0	0.0
KIRC	0.0	1.0	0.0	0.0	0.0	0.0
KIRC	0.0	1.0	0.0	0.0	0.0	0.0
KIRC	0.0	1.0	0.0	0.0	0.0	0.0
KIRC	0.0					
KIRC	1898.0	1.0	0.0	0.0	0.0	0.0
KIRC	2491.0	1.0	0.0	0.0	0.0	0.0
KIRC	5150.0	1.0	0.0	0.0	0.0	0.0
KIRC	971.0	1.0	0.0	0.0	0.0	0.0
KIRC	0.0	1.0	0.0	0.0	0.0	0.0
KIRC	0.0	1.0	0.0	0.0	0.0	0.0
KIRC	0.0	1.0	0.0	0.0	0.0	0.0
KIRC	0.0	1.0	0.0	0.0	0.0	0.0
KIRC	0.0	1.0	0.0	0.0	0.0	0.0
KIRC	0.0	1.0	0.0	0.0	0.0	0.0
KIRC	0.0	1.0	0.0	0.0	0.0	0.0
KIRC	0.0	1.0	0.0	0.0	0.0	0.0
KIRC	0.0	1.0	0.0	0.0	0.0	0.0
KIRC	0.0	1.0	0.0	0.0	0.0	0.0
KIRC	0.0	1.0	0.0	0.0	0.0	0.0
KIRC	0.0	1.0	0.0	0.0	0.0	0.0
KIRC	0.0	1.0	0.0	0.0	0.0	0.0
KIRC	0.0	1.0	0.0	0.0	0.0	0.0
KIRC	0.0	1.0	0.0	0.0	0.0	0.0
KIRC	0.0	1.0	0.0	0.0	0.0	0.0
KIRC	0.0	1.0	0.0	0.0	0.0	0.0
KIRC	0.0	1.0	0.0	0.0	0.0	0.0
KIRC	0.0	1.0	0.0	0.0	0.0	0.0
KIRC	0.0	1.0	0.0	0.0	0.0	0.0
KIRC	0.0	1.0	0.0	0.0	0.0	0.0
KIRC	0.0	1.0	0.0	0.0	0.0	0.0
KIRC	0.0					
KIRC	0.0	1.0	0.0	0.0	0.0	0.0
KIRC	0.0	1.0	0.0	0.0	0.0	0.0
KIRC	0.0	1.0	0.0	0.0	0.0	0.0
KIRC	0.0	1.0	0.0	0.0	0.0	0.0
KIRC	0.0	1.0	0.0	0.0	0.0	0.0
KIRC	0.0	1.0	0.0	0.0	0.0	0.0
KIRC	0.0	1.0	0.0	0.0	0.0	0.0
KIRC	0.0	1.0	0.0	0.0	0.0	0.0
KIRC	0.0	1.0	0.0	0.0	0.0	0.0
KIRC	0.0	1.0	0.0	0.0	0.0	0.0
KIRC	0.0	1.0	0.0	0.0	0.0	0.0
KIRC	0.0	1.0	0.0	0.0	0.0	0.0
KIRC	0.0	1.0	0.0	0.0	0.0	0.0
KIRC	0.0	1.0	0.0	0.0	0.0	0.0
KIRC	0.0	1.0	0.0	0.0	0.0	0.0
KIRC	0.0	1.0	0.0	0.0	0.0	0.0
KIRC	0.0	1.0	0.0	0.0	0.0	0.0
KIRC	0.0	1.0	0.0	0.0	0.0	0.0
KIRC	0.0	1.0	0.0	0.0	0.0	0.0
KIRC	0.0	1.0	0.0	0.0	0.0	0.0
KIRC	0.0					
KIRC	394.0	1.0	0.0	0.0	0.0	0.0
KIRC	204.0	1.0	0.0	0.0	0.0	0.0
KIRC	1373.0	1.0	0.0	0.0	0.0	0.0
KIRC	265.0	1.0	0.0	0.0	0.0	0.0
KIRC	0.0	1.0	0.0	0.0	0.0	0.0
KIRC	0.0	1.0	0.0	0.0	0.0	0.0
KIRC	0.0	1.0	0.0	0.0	0.0	0.0
KIRC	0.0	1.0	0.0	0.0	0.0	0.0
KIRC	0.0	1.0	0.0	0.0	0.0	0.0
KIRC	0.0	1.0	0.0	0.0	0.0	0.0
KIRC	0.0	1.0	0.0	0.0	0.0	0.0
KIRC	0.0	1.0	0.0	0.0	0.0	0.0
KIRC	0.0	1.0	0.0	0.0	0.0	0.0
KIRC	0.0	1.0	0.0	0.0	0.0	0.0
KIRC	0.0	1.0	0.0	0.0	0.0	0.0
KIRC	0.0	1.0	0.0	0.0	0.0	0.0
KIRC	0.0	1.0	0.0	0.0	0.0	0.0
KIRC	0.0	1.0	0.0	0.0	0.0	0.0
KIRC	0.0	1.0	0.0	0.0	0.0	0.0
KIRC	0.0	1.0	0.0	0.0	0.0	0.0
KIRC	0.0	1.0	0.0	0.0	0.0	0.0
KIRC	0.0	1.0	0.0	0.0	0.0	0.0
KIRC	0.0	1.0	0.0	0.0	0.0	0.0
KIRC	0.0	1.0	0.0	0.0	0.0	0.0
KIRC	0.0	1.0	0.0	0.0	0.0	0.0
KIRC	0.0	1.0	0.0	0.0	0.0	0.0
KIRC	0.0	1.0	0.0	0.0	0.0	0.0
KIRC	0.0	1.0	0.0	0.0	0.0	0.0
KIRC	0.0	1.0	0.0	0.0	0.0	0.0
KIRC	0.0	1.0	0.0	0.0	0.0	0.0
KIRC	0.0	1.0	0.0	0.0	0.0	0.0
KIRC	0.0	1.0	0.0	0.0	0.0	0.0
KIRC	0.0	1.0	0.0	0.0	0.0	0.0
KIRC	0.0					
KIRC	0.0	1.0	0.0	0.0	0.0	0.0
KIRC	0.0	1.0	0.0	0.0	0.0	0.0
KIRC	0.0	1.0	0.0	0.0	0.0	0.0
KIRC	0.0	1.0	0.0	0.0	0.0	0.0
KIRC	0.0	1.0	0.0	0.0	0.0	0.0
KIRC	0.0	1.0	0.0	0.0	0.0	0.0
KIRC	0.0	1.0	0.0	0.0	0.0	0.0
KIRC	0.0	1.0	0.0	0.0	0.0	0.0
KIRC	0.0	1.0	0.0	0.0	0.0	0.0
KIRC	0.0	1.0	0.0	0.0	0.0	0.0
KIRC	0.0	1.0	0.0	0.0	0.0	0.0
KIRC	0.0					
KIRC	0.0	1.0	0.0	0.0	0.0	0.0
KIRC	0.0	1.0	0.0	0.0	0.0	0.0
KIRC	2178.0	1.0	0.0	0.0	0.0	0.0
KIRC	2403.0	1.0	0.0	0.0	0.0	0.0
KIRC	4179.0	1.0	0.0	0.0	0.0	0.0
KIRC	1065.0	1.0	0.0	0.0	0.0	0.0
KIRC	0.0					
KIRC	0.0	1.0	0.0	0.0	0.0	0.0
KIRC	0.0	1.0	0.0	0.0	0.0	0.0
KIRC	0.0	1.0	0.0	0.0	0.0	0.0
KIRC	0.0	1.0	0.0	0.0	0.0	0.0
KIRC	0.0	1.0	0.0	0.0	0.0	0.0
KIRC	0.0	1.0	0.0	0.0	0.0	0.0
KIRC	0.0	1.0	0.0	0.0	0.0	0.0
KIRC	0.0	1.0	0.0	0.0	0.0	0.0
KIRC	0.0	1.0	0.0	0.0	0.0	0.0
KIRC	0.0	1.0	0.0	0.0	0.0	0.0
KIRC	0.0	1.0	0.0	0.0	0.0	0.0
KIRC	0.0	1.0	0.0	0.0	0.0	0.0
KIRC	0.0	1.0	0.0	0.0	0.0	0.0
KIRC	0.0	1.0	0.0	0.0	0.0	0.0
KIRC	0.0	1.0	0.0	0.0	0.0	0.0
KIRC	0.0	1.0	0.0	0.0	0.0	0.0
KIRC	0.0	1.0	0.0	0.0	0.0	0.0
KIRC	0.0	1.0	0.0	0.0	0.0	0.0
KIRC	0.0	1.0	0.0	0.0	0.0	0.0
KIRC	0.0	1.0	0.0	0.0	0.0	0.0
KIRC	0.0	1.0	0.0	0.0	0.0	0.0
KIRC	0.0	1.0	0.0	0.0	0.0	0.0
KIRC	0.0	1.0	0.0	0.0	0.0	0.0
KIRC	0.0	1.0	0.0	0.0	0.0	0.0
KIRC	0.0	1.0	0.0	0.0	0.0	0.0
KIRC	0.0	1.0	0.0	0.0	0.0	0.0
KIRC	0.0	1.0	0.0	0.0	0.0	0.0
KIRC	0.0	1.0	0.0	0.0	0.0	0.0
KIRC	0.0	1.0	0.0	0.0	0.0	0.0
KIRC	0.0	1.0	0.0	0.0	0.0	0.0
KIRC	0.0	1.0	0.0	0.0	0.0	0.0
KIRC	0.0	1.0	0.0	0.0	0.0	0.0
KIRC	0.0	1.0	0.0	0.0	0.0	0.0
KIRC	0.0	1.0	0.0	0.0	0.0	0.0
KIRC	0.0	1.0	0.0	0.0	0.0	0.0
KIRC	0.0	1.0	0.0	0.0	0.0	0.0
KIRC	0.0	1.0	0.0	0.0	0.0	0.0
KIRC	0.0	1.0	0.0	0.0	0.0	0.0
KIRC	0.0					
KIRP	0.0	1.0	0.0	0.0	0.0	0.0
KIRP	0.0	1.0	0.0	0.0	0.0	0.0
KIRP	0.0	1.0	0.0	0.0	0.0	0.0
KIRP	0.0	1.0	0.0	0.0	0.0	0.0
KIRP	2002.0	1.0	0.0	0.0	0.0	0.0
KIRP	1325.0	1.0	0.0	0.0	0.0	0.0
KIRP	3314.0	1.0	0.0	0.0	0.0	0.0
KIRP	2307.0	1.0	0.0	0.0	0.0	0.0
KIRP	0.0	1.0	0.0	0.0	0.0	0.0
KIRP	0.0					
KIRP	0.0	1.0	0.0	0.0	0.0	0.0
KIRP	0.0	1.0	0.0	0.0	0.0	0.0
KIRP	0.0	1.0	0.0	0.0	0.0	0.0
KIRP	0.0	1.0	0.0	0.0	0.0	0.0
KIRP	0.0	1.0	0.0	0.0	0.0	0.0
KIRP	0.0	1.0	0.0	0.0	0.0	0.0
KIRP	0.0	1.0	0.0	0.0	0.0	0.0
KIRP	0.0	1.0	0.0	0.0	0.0	0.0
KIRP	0.0	1.0	0.0	0.0	0.0	0.0
KIRP	0.0	1.0	0.0	0.0	0.0	0.0
KIRP	0.0	1.0	0.0	0.0	0.0	0.0
KIRP	0.0	1.0	0.0	0.0	0.0	0.0
KIRP	0.0	1.0	0.0	0.0	0.0	0.0
KIRP	0.0	1.0	0.0	0.0	0.0	0.0
KIRP	0.0	1.0	0.0	0.0	0.0	0.0
KIRP	0.0	1.0	0.0	0.0	0.0	0.0
KIRP	0.0	1.0	0.0	0.0	0.0	0.0
KIRP	0.0	1.0	0.0	0.0	0.0	0.0
KIRP	0.0	1.0	0.0	0.0	0.0	0.0
KIRP	0.0	1.0	0.0	0.0	0.0	0.0
KIRP	0.0	1.0	0.0	0.0	0.0	0.0
KIRP	0.0	1.0	0.0	0.0	0.0	0.0
KIRP	0.0	1.0	0.0	0.0	0.0	0.0
KIRP	0.0	1.0	0.0	0.0	0.0	0.0
KIRP	0.0	1.0	0.0	0.0	0.0	0.0
KIRP	0.0	1.0	0.0	0.0	0.0	0.0
KIRP	0.0	1.0	0.0	0.0	0.0	0.0
KIRP	0.0					
KIRP	0.0	1.0	0.0	0.0	0.0	0.0
KIRP	0.0	1.0	0.0	0.0	0.0	0.0
KIRP	0.0	1.0	0.0	0.0	0.0	0.0
KIRP	0.0	1.0	0.0	0.0	0.0	0.0
KIRP	0.0	1.0	0.0	0.0	0.0	0.0
KIRP	0.0	1.0	0.0	0.0	0.0	0.0
KIRP	0.0	1.0	0.0	0.0	0.0	0.0
KIRP	0.0	1.0	0.0	0.0	0.0	0.0
KIRP	0.0	1.0	0.0	0.0	0.0	0.0
KIRP	0.0	1.0	0.0	0.0	0.0	0.0
KIRP	0.0	1.0	0.0	0.0	0.0	0.0
KIRP	0.0	1.0	0.0	0.0	0.0	0.0
KIRP	0.0	1.0	0.0	0.0	0.0	0.0
KIRP	0.0					
KIRP	1898.0	1.0	0.0	0.0	0.0	0.0
KIRP	2491.0	1.0	0.0	0.0	0.0	0.0
KIRP	5150.0	1.0	0.0	0.0	0.0	0.0
KIRP	971.0	1.0	0.0	0.0	0.0	0.0
KIRP	0.0	1.0	0.0	0.0	0.0	0.0
KIRP	0.0	1.0	0.0	0.0	0.0	0.0
KIRP	0.0	1.0	0.0	0.0	0.0	0.0
KIRP	0.0	1.0	0.0	0.0	0.0	0.0
KIRP	0.0	1.0	0.0	0.0	0.0	0.0
KIRP	0.0	1.0	0.0	0.0	0.0	0.0
KIRP	0.0	1.0	0.0	0.0	0.0	0.0
KIRP	0.0	1.0	0.0	0.0	0.0	0.0
KIRP	0.0	1.0	0.0	0.0	0.0	0.0
KIRP	0.0	1.0	0.0	0.0	0.0	0.0
KIRP	0.0	1.0	0.0	0.0	0.0	0.0
KIRP	0.0	1.0	0.0	0.0	0.0	0.0
KIRP	0.0	1.0	0.0	0.0	0.0	0.0
KIRP	0.0	1.0	0.0	0.0	0.0	0.0
KIRP	0.0	1.0	0.0	0.0	0.0	0.0
KIRP	0.0	1.0	0.0	0.0	0.0	0.0
KIRP	0.0	1.0	0.0	0.0	0.0	0.0
KIRP	0.0	1.0	0.0	0.0	0.0	0.0
KIRP	0.0	1.0	0.0	0.0	0.0	0.0
KIRP	0.0	1.0	0.0	0.0	0.0	0.0
KIRP	0.0	1.0	0.0	0.0	0.0	0.0
KIRP	0.0	1.0	0.0	0.0	0.0	0.0
KIRP	0.0					
KIRP	0.0	1.0	0.0	0.0	0.0	0.0
KIRP	0.0	1.0	0.0	0.0	0.0	0.0
KIRP	0.0	1.0	0.0	0.0	0.0	0.0
KIRP	0.0	1.0	0.0	0.0	0.0	0.0
KIRP	0.0	1.0	0.0	0.0	0.0	0.0
KIRP	0.0	1.0	0.0	0.0	0.0	0.0
KIRP	0.0	1.0	0.0	0.0	0.0	0.0
KIRP	0.0	1.0	0.0	0.0	0.0	0.0
KIRP	0.0	1.0	0.0	0.0	0.0	0.0
KIRP	0.0	1.0	0.0	0.0	0.0	0.0
KIRP	0.0	1.0	0.0	0.0	0.0	0.0
KIRP	0.0	1.0	0.0	0.0	0.0	0.0
KIRP	0.0	1.0	0.0	0.0	0.0	0.0
KIRP	0.0	1.0	0.0	0.0	0.0	0.0
KIRP	0.0	1.0	0.0	0.0	0.0	0.0
KIRP	0.0	1.0	0.0	0.0	0.0	0.0
KIRP	0.0	1.0	0.0	0.0	0.0	0.0
KIRP	0.0	1.0	0.0	0.0	0.0	0.0
KIRP	0.0	1.0	0.0	0.0	0.0	0.0
KIRP	0.0	1.0	0.0	0.0	0.0	0.0
KIRP	0.0					
KIRP	394.0	1.0	0.0	0.0	0.0	0.0
KIRP	204.0	1.0	0.0	0.0	0.0	0.0
KIRP	1373.0	1.0	0.0	0.0	0.0	0.0
KIRP	265.0	1.0	0.0	0.0	0.0	0.0
KIRP	0.0	1.0	0.0	0.0	0.0	0.0
KIRP	0.0	1.0	0.0	0.0	0.0	0.0
KIRP	0.0	1.0	0.0	0.0	0.0	0.0
KIRP	0.0	1.0	0.0	0.0	0.0	0.0
KIRP	0.0	1.0	0.0	0.0	0.0	0.0
KIRP	0.0	1.0	0.0	0.0	0.0	0.0
KIRP	0.0	1.0	0.0	0.0	0.0	0.0
KIRP	0.0	1.0	0.0	0.0	0.0	0.0
KIRP	0.0	1.0	0.0	0.0	0.0	0.0
KIRP	0.0	1.0	0.0	0.0	0.0	0.0
KIRP	0.0	1.0	0.0	0.0	0.0	0.0
KIRP	0.0	1.0	0.0	0.0	0.0	0.0
KIRP	0.0	1.0	0.0	0.0	0.0	0.0
KIRP	0.0	1.0	0.0	0.0	0.0	0.0
KIRP	0.0	1.0	0.0	0.0	0.0	0.0
KIRP	0.0	1.0	0.0	0.0	0.0	0.0
KIRP	0.0	1.0	0.0	0.0	0.0	0.0
KIRP	0.0	1.0	0.0	0.0	0.0	0.0
KIRP	0.0	1.0	0.0	0.0	0.0	0.0
KIRP	0.0	1.0	0.0	0.0	0.0	0.0
KIRP	0.0	1.0	0.0	0.0	0.0	0.0
KIRP	0.0	1.0	0.0	0.0	0.0	0.0
KIRP	0.0	1.0	0.0	0.0	0.0	0.0
KIRP	0.0	1.0	0.0	0.0	0.0	0.0
KIRP	0.0	1.0	0.0	0.0	0.0	0.0
KIRP	0.0	1.0	0.0	0.0	0.0	0.0
KIRP	0.0	1.0	0.0	0.0	0.0	0.0
KIRP	0.0	1.0	0.0	0.0	0.0	0.0
KIRP	0.0	1.0	0.0	0.0	0.0	0.0
KIRP	0.0					
KIRP	0.0	1.0	0.0	0.0	0.0	0.0
KIRP	0.0	1.0	0.0	0.0	0.0	0.0
KIRP	0.0	1.0	0.0	0.0	0.0	0.0
KIRP	0.0	1.0	0.0	0.0	0.0	0.0
KIRP	0.0	1.0	0.0	0.0	0.0	0.0
KIRP	0.0	1.0	0.0	0.0	0.0	0.0
KIRP	0.0	1.0	0.0	0.0	0.0	0.0
KIRP	0.0	1.0	0.0	0.0	0.0	0.0
KIRP	0.0	1.0	0.0	0.0	0.0	0.0
KIRP	0.0	1.0	0.0	0.0	0.0	0.0
KIRP	0.0	1.0	0.0	0.0	0.0	0.0
KIRP	0.0					
KIRP	0.0	1.0	0.0	0.0	0.0	0.0
KIRP	0.0	1.0	0.0	0.0	0.0	0.0
KIRP	2178.0	1.0	0.0	0.0	0.0	0.0
KIRP	2403.0	1.0	0.0	0.0	0.0	0.0
KIRP	4179.0	1.0	0.0	0.0	0.0	0.0
KIRP	1065.0	1.0	0.0	0.0	0.0	0.0
KIRP	0.0					
KIRP	0.0	1.0	0.0	0.0	0.0	0.0
KIRP	0.0	1.0	0.0	0.0	0.0	0.0
KIRP	0.0	1.0	0.0	0.0	0.0	0.0
KIRP	0.0	1.0	0.0	0.0	0.0	0.0
KIRP	0.0	1.0	0.0	0.0	0.0	0.0
KIRP	0.0	1.0	0.0	0.0	0.0	0.0
KIRP	0.0	1.0	0.0	0.0	0.0	0.0
KIRP	0.0	1.0	0.0	0.0	0.0	0.0
KIRP	0.0	1.0	0.0	0.0	0.0	0.0
KIRP	0.0	1.0	0.0	0.0	0.0	0.0
KIRP	0.0	1.0	0.0	0.0	0.0	0.0
KIRP	0.0	1.0	0.0	0.0	0.0	0.0
KIRP	0.0	1.0	0.0	0.0	0.0	0.0
KIRP	0.0	1.0	0.0	0.0	0.0	0.0
KIRP	0.0	1.0	0.0	0.0	0.0	0.0
KIRP	0.0	1.0	0.0	0.0	0.0	0.0
KIRP	0.0	1.0	0.0	0.0	0.0	0.0
KIRP	0.0	1.0	0.0	0.0	0.0	0.0
KIRP	0.0	1.0	0.0	0.0	0.0	0.0
KIRP	0.0	1.0	0.0	0.0	0.0	0.0
KIRP	0.0	1.0	0.0	0.0	0.0	0.0
KIRP	0.0	1.0	0.0	0.0	0.0	0.0
KIRP	0.0	1.0	0.0	0.0	0.0	0.0
KIRP	0.0	1.0	0.0	0.0	0.0	0.0
KIRP	0.0	1.0	0.0	0.0	0.0	0.0
KIRP	0.0	1.0	0.0	0.0	0.0	0.0
KIRP	0.0	1.0	0.0	0.0	0.0	0.0
KIRP	0.0	1.0	0.0	0.0	0.0	0.0
KIRP	0.0	1.0	0.0	0.0	0.0	0.0
KIRP	0.0	1.0	0.0	0.0	0.0	0.0
KIRP	0.0	1.0	0.0	0.0	0.0	0.0
KIRP	0.0	1.0	0.0	0.0	0.0	0.0
KIRP	0.0	1.0	0.0	0.0	0.0	0.0
KIRP	0.0	1.0	0.0	0.0	0.0	0.0
KIRP	0.0	1.0	0.0	0.0	0.0	0.0
KIRP	0.0	1.0	0.0	0.0	0.0	0.0
KIRP	0.0	1.0	0.0	0.0	0.0	0.0
KIRP	0.0	1.0	0.0	0.0	0.0	0.0
KIRP	0.0					
LAML	0.0	1.0	0.0	0.0	0.0	0.0
LAML	0.0	1.0	0.0	0.0	0.0	0.0
LAML	0.0	1.0	0.0	0.0	0.0	0.0
LAML	0.0	1.0	0.0	0.0	0.0	0.0
LAML	2002.0	1.0	0.0	0.0	0.0	0.0
LAML	1325.0	1.0	0.0	0.0	0.0	0.0
LAML	3314.0	1.0	0.0	0.0	0.0	0.0
LAML	2307.0	1.0	0.0	0.0	0.0	0.0
LAML	0.0	1.0	0.0	0.0	0.0	0.0
LAML	0.0					
LAML	0.0	1.0	0.0	0.0	0.0	0.0
LAML	0.0	1.0	0.0	0.0	0.0	0.0
LAML	0.0	1.0	0.0	0.0	0.0	0.0
LAML	0.0	1.0	0.0	0.0	0.0	0.0
LAML	0.0	1.0	0.0	0.0	0.0	0.0
LAML	0.0	1.0	0.0	0.0	0.0	0.0
LAML	0.0	1.0	0.0	0.0	0.0	0.0
LAML	0.0	1.0	0.0	0.0	0.0	0.0
LAML	0.0	1.0	0.0	0.0	0.0	0.0
LAML	0.0	1.0	0.0	0.0	0.0	0.0
LAML	0.0	1.0	0.0	0.0	0.0	0.0
LAML	0.0	1.0	0.0	0.0	0.0	0.0
LAML	0.0	1.0	0.0	0.0	0.0	0.0
LAML	0.0	1.0	0.0	0.0	0.0	0.0
LAML	0.0	1.0	0.0	0.0	0.0	0.0
LAML	0.0	1.0	0.0	0.0	0.0	0.0
LAML	0.0	1.0	0.0	0.0	0.0	0.0
LAML	0.0	1.0	0.0	0.0	0.0	0.0
LAML	0.0	1.0	0.0	0.0	0.0	0.0
LAML	0.0	1.0	0.0	0.0	0.0	0.0
LAML	0.0	1.0	0.0	0.0	0.0	0.0
LAML	0.0	1.0	0.0	0.0	0.0	0.0
LAML	0.0	1.0	0.0	0.0	0.0	0.0
LAML	0.0	1.0	0.0	0.0	0.0	0.0
LAML	0.0	1.0	0.0	0.0	0.0	0.0
LAML	0.0	1.0	0.0	0.0	0.0	0.0
LAML	0.0	1.0	0.0	0.0	0.0	0.0
LAML	0.0					
LAML	0.0	1.0	0.0	0.0	0.0	0.0
LAML	0.0	1.0	0.0	0.0	0.0	0.0
LAML	0.0	1.0	0.0	0.0	0.0	0.0
LAML	0.0	1.0	0.0	0.0	0.0	0.0
LAML	0.0	1.0	0.0	0.0	0.0	0.0
LAML	0.0	1.0	0.0	0.0	0.0	0.0
LAML	0.0	1.0	0.0	0.0	0.0	0.0
LAML	0.0	1.0	0.0	0.0	0.0	0.0
LAML	0.0	1.0	0.0	0.0	0.0	0.0
LAML	0.0	1.0	0.0	0.0	0.0	0.0
LAML	0.0	1.0	0.0	0.0	0.0	0.0
LAML	0.0	1.0	0.0	0.0	0.0	0.0
LAML	0.0	1.0	0.0	0.0	0.0	0.0
LAML	0.0					
LAML	1898.0	1.0	0.0	0.0	0.0	0.0
LAML	2491.0	1.0	0.0	0.0	0.0	0.0
LAML	5150.0	1.0	0.0	0.0	0.0	0.0
LAML	971.0	1.0	0.0	0.0	0.0	0.0
LAML	0.0	1.0	0.0	0.0	0.0	0.0
LAML	0.0	1.0	0.0	0.0	0.0	0.0
LAML	0.0	1.0	0.0	0.0	0.0	0.0
LAML	0.0	1.0	0.0	0.0	0.0	0.0
LAML	0.0	1.0	0.0	0.0	0.0	0.0
LAML	0.0	1.0	0.0	0.0	0.0	0.0
LAML	0.0	1.0	0.0	0.0	0.0	0.0
LAML	0.0	1.0	0.0	0.0	0.0	0.0
LAML	0.0	1.0	0.0	0.0	0.0	0.0
LAML	0.0	1.0	0.0	0.0	0.0	0.0
LAML	0.0	1.0	0.0	0.0	0.0	0.0
LAML	0.0	1.0	0.0	0.0	0.0	0.0
LAML	0.0	1.0	0.0	0.0	0.0	0.0
LAML	0.0	1.0	0.0	0.0	0.0	0.0
LAML	0.0	1.0	0.0	0.0	0.0	0.0
LAML	0.0	1.0	0.0	0.0	0.0	0.0
LAML	0.0	1.0	0.0	0.0	0.0	0.0
LAML	0.0	1.0	0.0	0.0	0.0	0.0
LAML	0.0	1.0	0.0	0.0	0.0	0.0
LAML	0.0	1.0	0.0	0.0	0.0	0.0
LAML	0.0	1.0	0.0	0.0	0.0	0.0
LAML	0.0	1.0	0.0	0.0	0.0	0.0
LAML	0.0					
LAML	0.0	1.0	0.0	0.0	0.0	0.0
LAML	0.0	1.0	0.0	0.0	0.0	0.0
LAML	0.0	1.0	0.0	0.0	0.0	0.0
LAML	0.0	1.0	0.0	0.0	0.0	0.0
LAML	0.0	1.0	0.0	0.0	0.0	0.0
LAML	0.0	1.0	0.0	0.0	0.0	0.0
LAML	0.0	1.0	0.0	0.0	0.0	0.0
LAML	0.0	1.0	0.0	0.0	0.0	0.0
LAML	0.0	1.0	0.0	0.0	0.0	0.0
LAML	0.0	1.0	0.0	0.0	0.0	0.0
LAML	0.0	1.0	0.0	0.0	0.0	0.0
LAML	0.0	1.0	0.0	0.0	0.0	0.0
LAML	0.0	1.0	0.0	0.0	0.0	0.0
LAML	0.0	1.0	0.0	0.0	0.0	0.0
LAML	0.0	1.0	0.0	0.0	0.0	0.0
LAML	0.0	1.0	0.0	0.0	0.0	0.0
LAML	0.0	1.0	0.0	0.0	0.0	0.0
LAML	0.0	1.0	0.0	0.0	0.0	0.0
LAML	0.0	1.0	0.0	0.0	0.0	0.0
LAML	0.0	1.0	0.0	0.0	0.0	0.0
LAML	0.0					
LAML	394.0	1.0	0.0	0.0	0.0	0.0
LAML	204.0	1.0	0.0	0.0	0.0	0.0
LAML	1373.0	1.0	0.0	0.0	0.0	0.0
LAML	265.0	1.0	0.0	0.0	0.0	0.0
LAML	0.0	1.0	0.0	0.0	0.0	0.0
LAML	0.0	1.0	0.0	0.0	0.0	0.0
LAML	0.0	1.0	0.0	0.0	0.0	0.0
LAML	0.0	1.0	0.0	0.0	0.0	0.0
LAML	0.0	1.0	0.0	0.0	0.0	0.0
LAML	0.0	1.0	0.0	0.0	0.0	0.0
LAML	0.0	1.0	0.0	0.0	0.0	0.0
LAML	0.0	1.0	0.0	0.0	0.0	0.0
LAML	0.0	1.0	0.0	0.0	0.0	0.0
LAML	0.0	1.0	0.0	0.0	0.0	0.0
LAML	0.0	1.0	0.0	0.0	0.0	0.0
LAML	0.0	1.0	0.0	0.0	0.0	0.0
LAML	0.0	1.0	0.0	0.0	0.0	0.0
LAML	0.0	1.0	0.0	0.0	0.0	0.0
LAML	0.0	1.0	0.0	0.0	0.0	0.0
LAML	0.0	1.0	0.0	0.0	0.0	0.0
LAML	0.0	1.0	0.0	0.0	0.0	0.0
LAML	0.0	1.0	0.0	0.0	0.0	0.0
LAML	0.0	1.0	0.0	0.0	0.0	0.0
LAML	0.0	1.0	0.0	0.0	0.0	0.0
LAML	0.0	1.0	0.0	0.0	0.0	0.0
LAML	0.0	1.0	0.0	0.0	0.0	0.0
LAML	0.0	1.0	0.0	0.0	0.0	0.0
LAML	0.0	1.0	0.0	0.0	0.0	0.0
LAML	0.0	1.0	0.0	0.0	0.0	0.0
LAML	0.0	1.0	0.0	0.0	0.0	0.0
LAML	0.0	1.0	0.0	0.0	0.0	0.0
LAML	0.0	1.0	0.0	0.0	0.0	0.0
LAML	0.0	1.0	0.0	0.0	0.0	0.0
LAML	0.0					
LAML	0.0	1.0	0.0	0.0	0.0	0.0
LAML	0.0	1.0	0.0	0.0	0.0	0.0
LAML	0.0	1.0	0.0	0.0	0.0	0.0
LAML	0.0	1.0	0.0	0.0	0.0	0.0
LAML	0.0	1.0	0.0	0.0	0.0	0.0
LAML	0.0	1.0	0.0	0.0	0.0	0.0
LAML	0.0	1.0	0.0	0.0	0.0	0.0
LAML	0.0	1.0	0.0	0.0	0.0	0.0
LAML	0.0	1.0	0.0	0.0	0.0	0.0
LAML	0.0	1.0	0.0	0.0	0.0	0.0
LAML	0.0	1.0	0.0	0.0	0.0	0.0
LAML	0.0					
LAML	0.0	1.0	0.0	0.0	0.0	0.0
LAML	0.0	1.0	0.0	0.0	0.0	0.0
LAML	2178.0	1.0	0.0	0.0	0.0	0.0
LAML	2403.0	1.0	0.0	0.0	0.0	0.0
LAML	4179.0	1.0	0.0	0.0	0.0	0.0
LAML	1065.0	1.0	0.0	0.0	0.0	0.0
LAML	0.0					
LAML	0.0	1.0	0.0	0.0	0.0	0.0
LAML	0.0	1.0	0.0	0.0	0.0	0.0
LAML	0.0	1.0	0.0	0.0	0.0	0.0
LAML	0.0	1.0	0.0	0.0	0.0	0.0
LAML	0.0	1.0	0.0	0.0	0.0	0.0
LAML	0.0	1.0	0.0	0.0	0.0	0.0
LAML	0.0	1.0	0.0	0.0	0.0	0.0
LAML	0.0	1.0	0.0	0.0	0.0	0.0
LAML	0.0	1.0	0.0	0.0	0.0	0.0
LAML	0.0	1.0	0.0	0.0	0.0	0.0
LAML	0.0	1.0	0.0	0.0	0.0	0.0
LAML	0.0	1.0	0.0	0.0	0.0	0.0
LAML	0.0	1.0	0.0	0.0	0.0	0.0
LAML	0.0	1.0	0.0	0.0	0.0	0.0
LAML	0.0	1.0	0.0	0.0	0.0	0.0
LAML	0.0	1.0	0.0	0.0	0.0	0.0
LAML	0.0	1.0	0.0	0.0	0.0	0.0
LAML	0.0	1.0	0.0	0.0	0.0	0.0
LAML	0.0	1.0	0.0	0.0	0.0	0.0
LAML	0.0	1.0	0.0	0.0	0.0	0.0
LAML	0.0	1.0	0.0	0.0	0.0	0.0
LAML	0.0	1.0	0.0	0.0	0.0	0.0
LAML	0.0	1.0	0.0	0.0	0.0	0.0
LAML	0.0	1.0	0.0	0.0	0.0	0.0
LAML	0.0	1.0	0.0	0.0	0.0	0.0
LAML	0.0	1.0	0.0	0.0	0.0	0.0
LAML	0.0	1.0	0.0	0.0	0.0	0.0
LAML	0.0	1.0	0.0	0.0	0.0	0.0
LAML	0.0	1.0	0.0	0.0	0.0	0.0
LAML	0.0	1.0	0.0	0.0	0.0	0.0
LAML	0.0	1.0	0.0	0.0	0.0	0.0
LAML	0.0	1.0	0.0	0.0	0.0	0.0
LAML	0.0	1.0	0.0	0.0	0.0	0.0
LAML	0.0	1.0	0.0	0.0	0.0	0.0
LAML	0.0	1.0	0.0	0.0	0.0	0.0
LAML	0.0	1.0	0.0	0.0	0.0	0.0
LAML	0.0	1.0	0.0	0.0	0.0	0.0
LAML	0.0	1.0	0.0	0.0	0.0	0.0
LAML	0.0					
LGG	0.0	1.0	0.0	0.0	0.0	0.0
LGG	0.0	1.0	0.0	0.0	0.0	0.0
LGG	0.0	1.0	0.0	0.0	0.0	0.0
LGG	0.0	1.0	0.0	0.0	0.0	0.0
LGG	2002.0	1.0	0.0	0.0	0.0	0.0
LGG	1325.0	1.0	0.0	0.0	0.0	0.0
LGG	3314.0	1.0	0.0	0.0	0.0	0.0
LGG	2307.0	1.0	0.0	0.0	0.0	0.0
LGG	0.0	1.0	0.0	0.0	0.0	0.0
LGG	0.0					
LGG	0.0	1.0	0.0	0.0	0.0	0.0
LGG	0.0	1.0	0.0	0.0	0.0	0.0
LGG	0.0	1.0	0.0	0.0	0.0	0.0
LGG	0.0	1.0	0.0	0.0	0.0	0.0
LGG	0.0	1.0	0.0	0.0	0.0	0.0
LGG	0.0	1.0	0.0	0.0	0.0	0.0
LGG	0.0	1.0	0.0	0.0	0.0	0.0
LGG	0.0	1.0	0.0	0.0	0.0	0.0
LGG	0.0	1.0	0.0	0.0	0.0	0.0
LGG	0.0	1.0	0.0	0.0	0.0	0.0
LGG	0.0	1.0	0.0	0.0	0.0	0.0
LGG	0.0	1.0	0.0	0.0	0.0	0.0
LGG	0.0	1.0	0.0	0.0	0.0	0.0
LGG	0.0	1.0	0.0	0.0	0.0	0.0
LGG	0.0	1.0	0.0	0.0	0.0	0.0
LGG	0.0	1.0	0.0	0.0	0.0	0.0
LGG	0.0	1.0	0.0	0.0	0.0	0.0
LGG	0.0	1.0	0.0	0.0	0.0	0.0
LGG	0.0	1.0	0.0	0.0	0.0	0.0
LGG	0.0	1.0	0.0	0.0	0.0	0.0
LGG	0.0	1.0	0.0	0.0	0.0	0.0
LGG	0.0	1.0	0.0	0.0	0.0	0.0
LGG	0.0	1.0	0.0	0.0	0.0	0.0
LGG	0.0	1.0	0.0	0.0	0.0	0.0
LGG	0.0	1.0	0.0	0.0	0.0	0.0
LGG	0.0	1.0	0.0	0.0	0.0	0.0
LGG	0.0	1.0	0.0	0.0	0.0	0.0
LGG	0.0					
LGG	0.0	1.0	0.0	0.0	0.0	0.0
LGG	0.0	1.0	0.0	0.0	0.0	0.0
LGG	0.0	1.0	0.0	0.0	0.0	0.0
LGG	0.0	1.0	0.0	0.0	0.0	0.0
LGG	0.0	1.0	0.0	0.0	0.0	0.0
LGG	0.0	1.0	0.0	0.0	0.0	0.0
LGG	0.0	1.0	0.0	0.0	0.0	0.0
LGG	0.0	1.0	0.0	0.0	0.0	0.0
LGG	0.0	1.0	0.0	0.0	0.0	0.0
LGG	0.0	1.0	0.0	0.0	0.0	0.0
LGG	0.0	1.0	0.0	0.0	0.0	0.0
LGG	0.0	1.0	0.0	0.0	0.0	0.0
LGG	0.0	1.0	0.0	0.0	0.0	0.0
LGG	0.0					
LGG	1898.0	1.0	0.0	0.0	0.0	0.0
LGG	2491.0	1.0	0.0	0.0	0.0	0.0
LGG	5150.0	1.0	0.0	0.0	0.0	0.0
LGG	971.0	1.0	0.0	0.0	0.0	0.0
LGG	0.0	1.0	0.0	0.0	0.0	0.0
LGG	0.0	1.0	0.0	0.0	0.0	0.0
LGG	0.0	1.0	0.0	0.0	0.0	0.0
LGG	0.0	1.0	0.0	0.0	0.0	0.0
LGG	0.0	1.0	0.0	0.0	0.0	0.0
LGG	0.0	1.0	0.0	0.0	0.0	0.0
LGG	0.0	1.0	0.0	0.0	0.0	0.0
LGG	0.0	1.0	0.0	0.0	0.0	0.0
LGG	0.0	1.0	0.0	0.0	0.0	0.0
LGG	0.0	1.0	0.0	0.0	0.0	0.0
LGG	0.0	1.0	0.0	0.0	0.0	0.0
LGG	0.0	1.0	0.0	0.0	0.0	0.0
LGG	0.0	1.0	0.0	0.0	0.0	0.0
LGG	0.0	1.0	0.0	0.0	0.0	0.0
LGG	0.0	1.0	0.0	0.0	0.0	0.0
LGG	0.0	1.0	0.0	0.0	0.0	0.0
LGG	0.0	1.0	0.0	0.0	0.0	0.0
LGG	0.0	1.0	0.0	0.0	0.0	0.0
LGG	0.0	1.0	0.0	0.0	0.0	0.0
LGG	0.0	1.0	0.0	0.0	0.0	0.0
LGG	0.0	1.0	0.0	0.0	0.0	0.0
LGG	0.0	1.0	0.0	0.0	0.0	0.0
LGG	0.0					
LGG	0.0	1.0	0.0	0.0	0.0	0.0
LGG	0.0	1.0	0.0	0.0	0.0	0.0
LGG	0.0	1.0	0.0	0.0	0.0	0.0
LGG	0.0	1.0	0.0	0.0	0.0	0.0
LGG	0.0	1.0	0.0	0.0	0.0	0.0
LGG	0.0	1.0	0.0	0.0	0.0	0.0
LGG	0.0	1.0	0.0	0.0	0.0	0.0
LGG	0.0	1.0	0.0	0.0	0.0	0.0
LGG	0.0	1.0	0.0	0.0	0.0	0.0
LGG	0.0	1.0	0.0	0.0	0.0	0.0
LGG	0.0	1.0	0.0	0.0	0.0	0.0
LGG	0.0	1.0	0.0	0.0	0.0	0.0
LGG	0.0	1.0	0.0	0.0	0.0	0.0
LGG	0.0	1.0	0.0	0.0	0.0	0.0
LGG	0.0	1.0	0.0	0.0	0.0	0.0
LGG	0.0	1.0	0.0	0.0	0.0	0.0
LGG	0.0	1.0	0.0	0.0	0.0	0.0
LGG	0.0	1.0	0.0	0.0	0.0	0.0
LGG	0.0	1.0	0.0	0.0	0.0	0.0
LGG	0.0	1.0	0.0	0.0	0.0	0.0
LGG	0.0					
LGG	394.0	1.0	0.0	0.0	0.0	0.0
LGG	204.0	1.0	0.0	0.0	0.0	0.0
LGG	1373.0	1.0	0.0	0.0	0.0	0.0
LGG	265.0	1.0	0.0	0.0	0.0	0.0
LGG	0.0	1.0	0.0	0.0	0.0	0.0
LGG	0.0	1.0	0.0	0.0	0.0	0.0
LGG	0.0	1.0	0.0	0.0	0.0	0.0
LGG	0.0	1.0	0.0	0.0	0.0	0.0
LGG	0.0	1.0	0.0	0.0	0.0	0.0
LGG	0.0	1.0	0.0	0.0	0.0	0.0
LGG	0.0	1.0	0.0	0.0	0.0	0.0
LGG	0.0	1.0	0.0	0.0	0.0	0.0
LGG	0.0	1.0	0.0	0.0	0.0	0.0
LGG	0.0	1.0	0.0	0.0	0.0	0.0
LGG	0.0	1.0	0.0	0.0	0.0	0.0
LGG	0.0	1.0	0.0	0.0	0.0	0.0
LGG	0.0	1.0	0.0	0.0	0.0	0.0
LGG	0.0	1.0	0.0	0.0	0.0	0.0
LGG	0.0	1.0	0.0	0.0	0.0	0.0
LGG	0.0	1.0	0.0	0.0	0.0	0.0
LGG	0.0	1.0	0.0	0.0	0.0	0.0
LGG	0.0	1.0	0.0	0.0	0.0	0.0
LGG	0.0	1.0	0.0	0.0	0.0	0.0
LGG	0.0	1.0	0.0	0.0	0.0	0.0
LGG	0.0	1.0	0.0	0.0	0.0	0.0
LGG	0.0	1.0	0.0	0.0	0.0	0.0
LGG	0.0	1.0	0.0	0.0	0.0	0.0
LGG	0.0	1.0	0.0	0.0	0.0	0.0
LGG	0.0	1.0	0.0	0.0	0.0	0.0
LGG	0.0	1.0	0.0	0.0	0.0	0.0
LGG	0.0	1.0	0.0	0.0	0.0	0.0
LGG	0.0	1.0	0.0	0.0	0.0	0.0
LGG	0.0	1.0	0.0	0.0	0.0	0.0
LGG	0.0					
LGG	0.0	1.0	0.0	0.0	0.0	0.0
LGG	0.0	1.0	0.0	0.0	0.0	0.0
LGG	0.0	1.0	0.0	0.0	0.0	0.0
LGG	0.0	1.0	0.0	0.0	0.0	0.0
LGG	0.0	1.0	0.0	0.0	0.0	0.0
LGG	0.0	1.0	0.0	0.0	0.0	0.0
LGG	0.0	1.0	0.0	0.0	0.0	0.0
LGG	0.0	1.0	0.0	0.0	0.0	0.0
LGG	0.0	1.0	0.0	0.0	0.0	0.0
LGG	0.0	1.0	0.0	0.0	0.0	0.0
LGG	0.0	1.0	0.0	0.0	0.0	0.0
LGG	0.0					
LGG	0.0	1.0	0.0	0.0	0.0	0.0
LGG	0.0	1.0	0.0	0.0	0.0	0.0
LGG	2178.0	1.0	0.0	0.0	0.0	0.0
LGG	2403.0	1.0	0.0	0.0	0.0	0.0
LGG	4179.0	1.0	0.0	0.0	0.0	0.0
LGG	1065.0	1.0	0.0	0.0	0.0	0.0
LGG	0.0					
LGG	0.0	1.0	0.0	0.0	0.0	0.0
LGG	0.0	1.0	0.0	0.0	0.0	0.0
LGG	0.0	1.0	0.0	0.0	0.0	0.0
LGG	0.0	1.0	0.0	0.0	0.0	0.0
LGG	0.0	1.0	0.0	0.0	0.0	0.0
LGG	0.0	1.0	0.0	0.0	0.0	0.0
LGG	0.0	1.0	0.0	0.0	0.0	0.0
LGG	0.0	1.0	0.0	0.0	0.0	0.0
LGG	0.0	1.0	0.0	0.0	0.0	0.0
LGG	0.0	1.0	0.0	0.0	0.0	0.0
LGG	0.0	1.0	0.0	0.0	0.0	0.0
LGG	0.0	1.0	0.0	0.0	0.0	0.0
LGG	0.0	1.0	0.0	0.0	0.0	0.0
LGG	0.0	1.0	0.0	0.0	0.0	0.0
LGG	0.0	1.0	0.0	0.0	0.0	0.0
LGG	0.0	1.0	0.0	0.0	0.0	0.0
LGG	0.0	1.0	0.0	0.0	0.0	0.0
LGG	0.0	1.0	0.0	0.0	0.0	0.0
LGG	0.0	1.0	0.0	0.0	0.0	0.0
LGG	0.0	1.0	0.0	0.0	0.0	0.0
LGG	0.0	1.0	0.0	0.0	0.0	0.0
LGG	0.0	1.0	0.0	0.0	0.0	0.0
LGG	0.0	1.0	0.0	0.0	0.0	0.0
LGG	0.0	1.0	0.0	0.0	0.0	0.0
LGG	0.0	1.0	0.0	0.0	0.0	0.0
LGG	0.0	1.0	0.0	0.0	0.0	0.0
LGG	0.0	1.0	0.0	0.0	0.0	0.0
LGG	0.0	1.0	0.0	0.0	0.0	0.0
LGG	0.0	1.0	0.0	0.0	0.0	0.0
LGG	0.0	1.0	0.0	0.0	0.0	0.0
LGG	0.0	1.0	0.0	0.0	0.0	0.0
LGG	0.0	1.0	0.0	0.0	0.0	0.0
LGG	0.0	1.0	0.0	0.0	0.0	0.0
LGG	0.0	1.0	0.0	0.0	0.0	0.0
LGG	0.0	1.0	0.0	0.0	0.0	0.0
LGG	0.0	1.0	0.0	0.0	0.0	0.0
LGG	0.0	1.0	0.0	0.0	0.0	0.0
LGG	0.0	1.0	0.0	0.0	0.0	0.0
LGG	0.0					
LIHC	0.0	1.0	0.0	0.0	0.0	0.0
LIHC	0.0	1.0	0.0	0.0	0.0	0.0
LIHC	0.0	1.0	0.0	0.0	0.0	0.0
LIHC	0.0	1.0	0.0	0.0	0.0	0.0
LIHC	2002.0	1.0	0.0	0.0	0.0	0.0
LIHC	1325.0	1.0	0.0	0.0	0.0	0.0
LIHC	3314.0	1.0	0.0	0.0	0.0	0.0
LIHC	2307.0	1.0	0.0	0.0	0.0	0.0
LIHC	0.0	1.0	0.0	0.0	0.0	0.0
LIHC	0.0					
LIHC	0.0	1.0	0.0	0.0	0.0	0.0
LIHC	0.0	1.0	0.0	0.0	0.0	0.0
LIHC	0.0	1.0	0.0	0.0	0.0	0.0
LIHC	0.0	1.0	0.0	0.0	0.0	0.0
LIHC	0.0	1.0	0.0	0.0	0.0	0.0
LIHC	0.0	1.0	0.0	0.0	0.0	0.0
LIHC	0.0	1.0	0.0	0.0	0.0	0.0
LIHC	0.0	1.0	0.0	0.0	0.0	0.0
LIHC	0.0	1.0	0.0	0.0	0.0	0.0
LIHC	0.0	1.0	0.0	0.0	0.0	0.0
LIHC	0.0	1.0	0.0	0.0	0.0	0.0
LIHC	0.0	1.0	0.0	0.0	0.0	0.0
LIHC	0.0	1.0	0.0	0.0	0.0	0.0
LIHC	0.0	1.0	0.0	0.0	0.0	0.0
LIHC	0.0	1.0	0.0	0.0	0.0	0.0
LIHC	0.0	1.0	0.0	0.0	0.0	0.0
LIHC	0.0	1.0	0.0	0.0	0.0	0.0
LIHC	0.0	1.0	0.0	0.0	0.0	0.0
LIHC	0.0	1.0	0.0	0.0	0.0	0.0
LIHC	0.0	1.0	0.0	0.0	0.0	0.0
LIHC	0.0	1.0	0.0	0.0	0.0	0.0
LIHC	0.0	1.0	0.0	0.0	0.0	0.0
LIHC	0.0	1.0	0.0	0.0	0.0	0.0
LIHC	0.0	1.0	0.0	0.0	0.0	0.0
LIHC	0.0	1.0	0.0	0.0	0.0	0.0
LIHC	0.0	1.0	0.0	0.0	0.0	0.0
LIHC	0.0	1.0	0.0	0.0	0.0	0.0
LIHC	0.0					
LIHC	0.0	1.0	0.0	0.0	0.0	0.0
LIHC	0.0	1.0	0.0	0.0	0.0	0.0
LIHC	0.0	1.0	0.0	0.0	0.0	0.0
LIHC	0.0	1.0	0.0	0.0	0.0	0.0
LIHC	0.0	1.0	0.0	0.0	0.0	0.0
LIHC	0.0	1.0	0.0	0.0	0.0	0.0
LIHC	0.0	1.0	0.0	0.0	0.0	0.0
LIHC	0.0	1.0	0.0	0.0	0.0	0.0
LIHC	0.0	1.0	0.0	0.0	0.0	0.0
LIHC	0.0	1.0	0.0	0.0	0.0	0.0
LIHC	0.0	1.0	0.0	0.0	0.0	0.0
LIHC	0.0	1.0	0.0	0.0	0.0	0.0
LIHC	0.0	1.0	0.0	0.0	0.0	0.0
LIHC	0.0					
LIHC	1898.0	1.0	0.0	0.0	0.0	0.0
LIHC	2491.0	1.0	0.0	0.0	0.0	0.0
LIHC	5150.0	1.0	0.0	0.0	0.0	0.0
LIHC	971.0	1.0	0.0	0.0	0.0	0.0
LIHC	0.0	1.0	0.0	0.0	0.0	0.0
LIHC	0.0	1.0	0.0	0.0	0.0	0.0
LIHC	0.0	1.0	0.0	0.0	0.0	0.0
LIHC	0.0	1.0	0.0	0.0	0.0	0.0
LIHC	0.0	1.0	0.0	0.0	0.0	0.0
LIHC	0.0	1.0	0.0	0.0	0.0	0.0
LIHC	0.0	1.0	0.0	0.0	0.0	0.0
LIHC	0.0	1.0	0.0	0.0	0.0	0.0
LIHC	0.0	1.0	0.0	0.0	0.0	0.0
LIHC	0.0	1.0	0.0	0.0	0.0	0.0
LIHC	0.0	1.0	0.0	0.0	0.0	0.0
LIHC	0.0	1.0	0.0	0.0	0.0	0.0
LIHC	0.0	1.0	0.0	0.0	0.0	0.0
LIHC	0.0	1.0	0.0	0.0	0.0	0.0
LIHC	0.0	1.0	0.0	0.0	0.0	0.0
LIHC	0.0	1.0	0.0	0.0	0.0	0.0
LIHC	0.0	1.0	0.0	0.0	0.0	0.0
LIHC	0.0	1.0	0.0	0.0	0.0	0.0
LIHC	0.0	1.0	0.0	0.0	0.0	0.0
LIHC	0.0	1.0	0.0	0.0	0.0	0.0
LIHC	0.0	1.0	0.0	0.0	0.0	0.0
LIHC	0.0	1.0	0.0	0.0	0.0	0.0
LIHC	0.0					
LIHC	0.0	1.0	0.0	0.0	0.0	0.0
LIHC	0.0	1.0	0.0	0.0	0.0	0.0
LIHC	0.0	1.0	0.0	0.0	0.0	0.0
LIHC	0.0	1.0	0.0	0.0	0.0	0.0
LIHC	0.0	1.0	0.0	0.0	0.0	0.0
LIHC	0.0	1.0	0.0	0.0	0.0	0.0
LIHC	0.0	1.0	0.0	0.0	0.0	0.0
LIHC	0.0	1.0	0.0	0.0	0.0	0.0
LIHC	0.0	1.0	0.0	0.0	0.0	0.0
LIHC	0.0	1.0	0.0	0.0	0.0	0.0
LIHC	0.0	1.0	0.0	0.0	0.0	0.0
LIHC	0.0	1.0	0.0	0.0	0.0	0.0
LIHC	0.0	1.0	0.0	0.0	0.0	0.0
LIHC	0.0	1.0	0.0	0.0	0.0	0.0
LIHC	0.0	1.0	0.0	0.0	0.0	0.0
LIHC	0.0	1.0	0.0	0.0	0.0	0.0
LIHC	0.0	1.0	0.0	0.0	0.0	0.0
LIHC	0.0	1.0	0.0	0.0	0.0	0.0
LIHC	0.0	1.0	0.0	0.0	0.0	0.0
LIHC	0.0	1.0	0.0	0.0	0.0	0.0
LIHC	0.0					
LIHC	394.0	1.0	0.0	0.0	0.0	0.0
LIHC	204.0	1.0	0.0	0.0	0.0	0.0
LIHC	1373.0	1.0	0.0	0.0	0.0	0.0
LIHC	265.0	1.0	0.0	0.0	0.0	0.0
LIHC	0.0	1.0	0.0	0.0	0.0	0.0
LIHC	0.0	1.0	0.0	0.0	0.0	0.0
LIHC	0.0	1.0	0.0	0.0	0.0	0.0
LIHC	0.0	1.0	0.0	0.0	0.0	0.0
LIHC	0.0	1.0	0.0	0.0	0.0	0.0
LIHC	0.0	1.0	0.0	0.0	0.0	0.0
LIHC	0.0	1.0	0.0	0.0	0.0	0.0
LIHC	0.0	1.0	0.0	0.0	0.0	0.0
LIHC	0.0	1.0	0.0	0.0	0.0	0.0
LIHC	0.0	1.0	0.0	0.0	0.0	0.0
LIHC	0.0	1.0	0.0	0.0	0.0	0.0
LIHC	0.0	1.0	0.0	0.0	0.0	0.0
LIHC	0.0	1.0	0.0	0.0	0.0	0.0
LIHC	0.0	1.0	0.0	0.0	0.0	0.0
LIHC	0.0	1.0	0.0	0.0	0.0	0.0
LIHC	0.0	1.0	0.0	0.0	0.0	0.0
LIHC	0.0	1.0	0.0	0.0	0.0	0.0
LIHC	0.0	1.0	0.0	0.0	0.0	0.0
LIHC	0.0	1.0	0.0	0.0	0.0	0.0
LIHC	0.0	1.0	0.0	0.0	0.0	0.0
LIHC	0.0	1.0	0.0	0.0	0.0	0.0
LIHC	0.0	1.0	0.0	0.0	0.0	0.0
LIHC	0.0	1.0	0.0	0.0	0.0	0.0
LIHC	0.0	1.0	0.0	0.0	0.0	0.0
LIHC	0.0	1.0	0.0	0.0	0.0	0.0
LIHC	0.0	1.0	0.0	0.0	0.0	0.0
LIHC	0.0	1.0	0.0	0.0	0.0	0.0
LIHC	0.0	1.0	0.0	0.0	0.0	0.0
LIHC	0.0	1.0	0.0	0.0	0.0	0.0
LIHC	0.0					
LIHC	0.0	1.0	0.0	0.0	0.0	0.0
LIHC	0.0	1.0	0.0	0.0	0.0	0.0
LIHC	0.0	1.0	0.0	0.0	0.0	0.0
LIHC	0.0	1.0	0.0	0.0	0.0	0.0
LIHC	0.0	1.0	0.0	0.0	0.0	0.0
LIHC	0.0	1.0	0.0	0.0	0.0	0.0
LIHC	0.0	1.0	0.0	0.0	0.0	0.0
LIHC	0.0	1.0	0.0	0.0	0.0	0.0
LIHC	0.0	1.0	0.0	0.0	0.0	0.0
LIHC	0.0	1.0	0.0	0.0	0.0	0.0
LIHC	0.0	1.0	0.0	0.0	0.0	0.0
LIHC	0.0					
LIHC	0.0	1.0	0.0	0.0	0.0	0.0
LIHC	0.0	1.0	0.0	0.0	0.0	0.0
LIHC	2178.0	1.0	0.0	0.0	0.0	0.0
LIHC	2403.0	1.0	0.0	0.0	0.0	0.0
LIHC	4179.0	1.0	0.0	0.0	0.0	0.0
LIHC	1065.0	1.0	0.0	0.0	0.0	0.0
LIHC	0.0					
LIHC	0.0	1.0	0.0	0.0	0.0	0.0
LIHC	0.0	1.0	0.0	0.0	0.0	0.0
LIHC	0.0	1.0	0.0	0.0	0.0	0.0
LIHC	0.0	1.0	0.0	0.0	0.0	0.0
LIHC	0.0	1.0	0.0	0.0	0.0	0.0
LIHC	0.0	1.0	0.0	0.0	0.0	0.0
LIHC	0.0	1.0	0.0	0.0	0.0	0.0
LIHC	0.0	1.0	0.0	0.0	0.0	0.0
LIHC	0.0	1.0	0.0	0.0	0.0	0.0
LIHC	0.0	1.0	0.0	0.0	0.0	0.0
LIHC	0.0	1.0	0.0	0.0	0.0	0.0
LIHC	0.0	1.0	0.0	0.0	0.0	0.0
LIHC	0.0	1.0	0.0	0.0	0.0	0.0
LIHC	0.0	1.0	0.0	0.0	0.0	0.0
LIHC	0.0	1.0	0.0	0.0	0.0	0.0
LIHC	0.0	1.0	0.0	0.0	0.0	0.0
LIHC	0.0	1.0	0.0	0.0	0.0	0.0
LIHC	0.0	1.0	0.0	0.0	0.0	0.0
LIHC	0.0	1.0	0.0	0.0	0.0	0.0
LIHC	0.0	1.0	0.0	0.0	0.0	0.0
LIHC	0.0	1.0	0.0	0.0	0.0	0.0
LIHC	0.0	1.0	0.0	0.0	0.0	0.0
LIHC	0.0	1.0	0.0	0.0	0.0	0.0
LIHC	0.0	1.0	0.0	0.0	0.0	0.0
LIHC	0.0	1.0	0.0	0.0	0.0	0.0
LIHC	0.0	1.0	0.0	0.0	0.0	0.0
LIHC	0.0	1.0	0.0	0.0	0.0	0.0
LIHC	0.0	1.0	0.0	0.0	0.0	0.0
LIHC	0.0	1.0	0.0	0.0	0.0	0.0
LIHC	0.0	1.0	0.0	0.0	0.0	0.0
LIHC	0.0	1.0	0.0	0.0	0.0	0.0
LIHC	0.0	1.0	0.0	0.0	0.0	0.0
LIHC	0.0	1.0	0.0	0.0	0.0	0.0
LIHC	0.0	1.0	0.0	0.0	0.0	0.0
LIHC	0.0	1.0	0.0	0.0	0.0	0.0
LIHC	0.0	1.0	0.0	0.0	0.0	0.0
LIHC	0.0	1.0	0.0	0.0	0.0	0.0
LIHC	0.0	1.0	0.0	0.0	0.0	0.0
LIHC	0.0					
LUAD	0.0	1.0	0.0	0.0	0.0	0.0
LUAD	0.0	1.0	0.0	0.0	0.0	0.0
LUAD	0.0	1.0	0.0	0.0	0.0	0.0
LUAD	0.0	1.0	0.0	0.0	0.0	0.0
LUAD	2002.0	1.0	0.0	0.0	0.0	0.0
LUAD	1325.0	1.0	0.0	0.0	0.0	0.0
LUAD	3314.0	1.0	0.0	0.0	0.0	0.0
LUAD	2307.0	1.0	0.0	0.0	0.0	0.0
LUAD	0.0	1.0	0.0	0.0	0.0	0.0
LUAD	0.0					
LUAD	0.0	1.0	0.0	0.0	0.0	0.0
LUAD	0.0	1.0	0.0	0.0	0.0	0.0
LUAD	0.0	1.0	0.0	0.0	0.0	0.0
LUAD	0.0	1.0	0.0	0.0	0.0	0.0
LUAD	0.0	1.0	0.0	0.0	0.0	0.0
LUAD	0.0	1.0	0.0	0.0	0.0	0.0
LUAD	0.0	1.0	0.0	0.0	0.0	0.0
LUAD	0.0	1.0	0.0	0.0	0.0	0.0
LUAD	0.0	1.0	0.0	0.0	0.0	0.0
LUAD	0.0	1.0	0.0	0.0	0.0	0.0
LUAD	0.0	1.0	0.0	0.0	0.0	0.0
LUAD	0.0	1.0	0.0	0.0	0.0	0.0
LUAD	0.0	1.0	0.0	0.0	0.0	0.0
LUAD	0.0	1.0	0.0	0.0	0.0	0.0
LUAD	0.0	1.0	0.0	0.0	0.0	0.0
LUAD	0.0	1.0	0.0	0.0	0.0	0.0
LUAD	0.0	1.0	0.0	0.0	0.0	0.0
LUAD	0.0	1.0	0.0	0.0	0.0	0.0
LUAD	0.0	1.0	0.0	0.0	0.0	0.0
LUAD	0.0	1.0	0.0	0.0	0.0	0.0
LUAD	0.0	1.0	0.0	0.0	0.0	0.0
LUAD	0.0	1.0	0.0	0.0	0.0	0.0
LUAD	0.0	1.0	0.0	0.0	0.0	0.0
LUAD	0.0	1.0	0.0	0.0	0.0	0.0
LUAD	0.0	1.0	0.0	0.0	0.0	0.0
LUAD	0.0	1.0	0.0	0.0	0.0	0.0
LUAD	0.0	1.0	0.0	0.0	0.0	0.0
LUAD	0.0					
LUAD	0.0	1.0	0.0	0.0	0.0	0.0
LUAD	0.0	1.0	0.0	0.0	0.0	0.0
LUAD	0.0	1.0	0.0	0.0	0.0	0.0
LUAD	0.0	1.0	0.0	0.0	0.0	0.0
LUAD	0.0	1.0	0.0	0.0	0.0	0.0
LUAD	0.0	1.0	0.0	0.0	0.0	0.0
LUAD	0.0	1.0	0.0	0.0	0.0	0.0
LUAD	0.0	1.0	0.0	0.0	0.0	0.0
LUAD	0.0	1.0	0.0	0.0	0.0	0.0
LUAD	0.0	1.0	0.0	0.0	0.0	0.0
LUAD	0.0	1.0	0.0	0.0	0.0	0.0
LUAD	0.0	1.0	0.0	0.0	0.0	0.0
LUAD	0.0	1.0	0.0	0.0	0.0	0.0
LUAD	0.0					
LUAD	1898.0	1.0	0.0	0.0	0.0	0.0
LUAD	2491.0	1.0	0.0	0.0	0.0	0.0
LUAD	5150.0	1.0	0.0	0.0	0.0	0.0
LUAD	971.0	1.0	0.0	0.0	0.0	0.0
LUAD	0.0	1.0	0.0	0.0	0.0	0.0
LUAD	0.0	1.0	0.0	0.0	0.0	0.0
LUAD	0.0	1.0	0.0	0.0	0.0	0.0
LUAD	0.0	1.0	0.0	0.0	0.0	0.0
LUAD	0.0	1.0	0.0	0.0	0.0	0.0
LUAD	0.0	1.0	0.0	0.0	0.0	0.0
LUAD	0.0	1.0	0.0	0.0	0.0	0.0
LUAD	0.0	1.0	0.0	0.0	0.0	0.0
LUAD	0.0	1.0	0.0	0.0	0.0	0.0
LUAD	0.0	1.0	0.0	0.0	0.0	0.0
LUAD	0.0	1.0	0.0	0.0	0.0	0.0
LUAD	0.0	1.0	0.0	0.0	0.0	0.0
LUAD	0.0	1.0	0.0	0.0	0.0	0.0
LUAD	0.0	1.0	0.0	0.0	0.0	0.0
LUAD	0.0	1.0	0.0	0.0	0.0	0.0
LUAD	0.0	1.0	0.0	0.0	0.0	0.0
LUAD	0.0	1.0	0.0	0.0	0.0	0.0
LUAD	0.0	1.0	0.0	0.0	0.0	0.0
LUAD	0.0	1.0	0.0	0.0	0.0	0.0
LUAD	0.0	1.0	0.0	0.0	0.0	0.0
LUAD	0.0	1.0	0.0	0.0	0.0	0.0
LUAD	0.0	1.0	0.0	0.0	0.0	0.0
LUAD	0.0					
LUAD	0.0	1.0	0.0	0.0	0.0	0.0
LUAD	0.0	1.0	0.0	0.0	0.0	0.0
LUAD	0.0	1.0	0.0	0.0	0.0	0.0
LUAD	0.0	1.0	0.0	0.0	0.0	0.0
LUAD	0.0	1.0	0.0	0.0	0.0	0.0
LUAD	0.0	1.0	0.0	0.0	0.0	0.0
LUAD	0.0	1.0	0.0	0.0	0.0	0.0
LUAD	0.0	1.0	0.0	0.0	0.0	0.0
LUAD	0.0	1.0	0.0	0.0	0.0	0.0
LUAD	0.0	1.0	0.0	0.0	0.0	0.0
LUAD	0.0	1.0	0.0	0.0	0.0	0.0
LUAD	0.0	1.0	0.0	0.0	0.0	0.0
LUAD	0.0	1.0	0.0	0.0	0.0	0.0
LUAD	0.0	1.0	0.0	0.0	0.0	0.0
LUAD	0.0	1.0	0.0	0.0	0.0	0.0
LUAD	0.0	1.0	0.0	0.0	0.0	0.0
LUAD	0.0	1.0	0.0	0.0	0.0	0.0
LUAD	0.0	1.0	0.0	0.0	0.0	0.0
LUAD	0.0	1.0	0.0	0.0	0.0	0.0
LUAD	0.0	1.0	0.0	0.0	0.0	0.0
LUAD	0.0					
LUAD	394.0	1.0	0.0	0.0	0.0	0.0
LUAD	204.0	1.0	0.0	0.0	0.0	0.0
LUAD	1373.0	1.0	0.0	0.0	0.0	0.0
LUAD	265.0	1.0	0.0	0.0	0.0	0.0
LUAD	0.0	1.0	0.0	0.0	0.0	0.0
LUAD	0.0	1.0	0.0	0.0	0.0	0.0
LUAD	0.0	1.0	0.0	0.0	0.0	0.0
LUAD	0.0	1.0	0.0	0.0	0.0	0.0
LUAD	0.0	1.0	0.0	0.0	0.0	0.0
LUAD	0.0	1.0	0.0	0.0	0.0	0.0
LUAD	0.0	1.0	0.0	0.0	0.0	0.0
LUAD	0.0	1.0	0.0	0.0	0.0	0.0
LUAD	0.0	1.0	0.0	0.0	0.0	0.0
LUAD	0.0	1.0	0.0	0.0	0.0	0.0
LUAD	0.0	1.0	0.0	0.0	0.0	0.0
LUAD	0.0	1.0	0.0	0.0	0.0	0.0
LUAD	0.0	1.0	0.0	0.0	0.0	0.0
LUAD	0.0	1.0	0.0	0.0	0.0	0.0
LUAD	0.0	1.0	0.0	0.0	0.0	0.0
LUAD	0.0	1.0	0.0	0.0	0.0	0.0
LUAD	0.0	1.0	0.0	0.0	0.0	0.0
LUAD	0.0	1.0	0.0	0.0	0.0	0.0
LUAD	0.0	1.0	0.0	0.0	0.0	0.0
LUAD	0.0	1.0	0.0	0.0	0.0	0.0
LUAD	0.0	1.0	0.0	0.0	0.0	0.0
LUAD	0.0	1.0	0.0	0.0	0.0	0.0
LUAD	0.0	1.0	0.0	0.0	0.0	0.0
LUAD	0.0	1.0	0.0	0.0	0.0	0.0
LUAD	0.0	1.0	0.0	0.0	0.0	0.0
LUAD	0.0	1.0	0.0	0.0	0.0	0.0
LUAD	0.0	1.0	0.0	0.0	0.0	0.0
LUAD	0.0	1.0	0.0	0.0	0.0	0.0
LUAD	0.0	1.0	0.0	0.0	0.0	0.0
LUAD	0.0					
LUAD	0.0	1.0	0.0	0.0	0.0	0.0
LUAD	0.0	1.0	0.0	0.0	0.0	0.0
LUAD	0.0	1.0	0.0	0.0	0.0	0.0
LUAD	0.0	1.0	0.0	0.0	0.0	0.0
LUAD	0.0	1.0	0.0	0.0	0.0	0.0
LUAD	0.0	1.0	0.0	0.0	0.0	0.0
LUAD	0.0	1.0	0.0	0.0	0.0	0.0
LUAD	0.0	1.0	0.0	0.0	0.0	0.0
LUAD	0.0	1.0	0.0	0.0	0.0	0.0
LUAD	0.0	1.0	0.0	0.0	0.0	0.0
LUAD	0.0	1.0	0.0	0.0	0.0	0.0
LUAD	0.0					
LUAD	0.0	1.0	0.0	0.0	0.0	0.0
LUAD	0.0	1.0	0.0	0.0	0.0	0.0
LUAD	2178.0	1.0	0.0	0.0	0.0	0.0
LUAD	2403.0	1.0	0.0	0.0	0.0	0.0
LUAD	4179.0	1.0	0.0	0.0	0.0	0.0
LUAD	1065.0	1.0	0.0	0.0	0.0	0.0
LUAD	0.0					
LUAD	0.0	1.0	0.0	0.0	0.0	0.0
LUAD	0.0	1.0	0.0	0.0	0.0	0.0
LUAD	0.0	1.0	0.0	0.0	0.0	0.0
LUAD	0.0	1.0	0.0	0.0	0.0	0.0
LUAD	0.0	1.0	0.0	0.0	0.0	0.0
LUAD	0.0	1.0	0.0	0.0	0.0	0.0
LUAD	0.0	1.0	0.0	0.0	0.0	0.0
LUAD	0.0	1.0	0.0	0.0	0.0	0.0
LUAD	0.0	1.0	0.0	0.0	0.0	0.0
LUAD	0.0	1.0	0.0	0.0	0.0	0.0
LUAD	0.0	1.0	0.0	0.0	0.0	0.0
LUAD	0.0	1.0	0.0	0.0	0.0	0.0
LUAD	0.0	1.0	0.0	0.0	0.0	0.0
LUAD	0.0	1.0	0.0	0.0	0.0	0.0
LUAD	0.0	1.0	0.0	0.0	0.0	0.0
LUAD	0.0	1.0	0.0	0.0	0.0	0.0
LUAD	0.0	1.0	0.0	0.0	0.0	0.0
LUAD	0.0	1.0	0.0	0.0	0.0	0.0
LUAD	0.0	1.0	0.0	0.0	0.0	0.0
LUAD	0.0	1.0	0.0	0.0	0.0	0.0
LUAD	0.0	1.0	0.0	0.0	0.0	0.0
LUAD	0.0	1.0	0.0	0.0	0.0	0.0
LUAD	0.0	1.0	0.0	0.0	0.0	0.0
LUAD	0.0	1.0	0.0	0.0	0.0	0.0
LUAD	0.0	1.0	0.0	0.0	0.0	0.0
LUAD	0.0	1.0	0.0	0.0	0.0	0.0
LUAD	0.0	1.0	0.0	0.0	0.0	0.0
LUAD	0.0	1.0	0.0	0.0	0.0	0.0
LUAD	0.0	1.0	0.0	0.0	0.0	0.0
LUAD	0.0	1.0	0.0	0.0	0.0	0.0
LUAD	0.0	1.0	0.0	0.0	0.0	0.0
LUAD	0.0	1.0	0.0	0.0	0.0	0.0
LUAD	0.0	1.0	0.0	0.0	0.0	0.0
LUAD	0.0	1.0	0.0	0.0	0.0	0.0
LUAD	0.0	1.0	0.0	0.0	0.0	0.0
LUAD	0.0	1.0	0.0	0.0	0.0	0.0
LUAD	0.0	1.0	0.0	0.0	0.0	0.0
LUAD	0.0	1.0	0.0	0.0	0.0	0.0
LUAD	0.0					
LUSC	0.0	1.0	0.0	0.0	0.0	0.0
LUSC	0.0	1.0	0.0	0.0	0.0	0.0
LUSC	0.0	1.0	0.0	0.0	0.0	0.0
LUSC	0.0	1.0	0.0	0.0	0.0	0.0
LUSC	2002.0	1.0	0.0	0.0	0.0	0.0
LUSC	1325.0	1.0	0.0	0.0	0.0	0.0
LUSC	3314.0	1.0	0.0	0.0	0.0	0.0
LUSC	2307.0	1.0	0.0	0.0	0.0	0.0
LUSC	0.0	1.0	0.0	0.0	0.0	0.0
LUSC	0.0					
LUSC	0.0	1.0	0.0	0.0	0.0	0.0
LUSC	0.0	1.0	0.0	0.0	0.0	0.0
LUSC	0.0	1.0	0.0	0.0	0.0	0.0
LUSC	0.0	1.0	0.0	0.0	0.0	0.0
LUSC	0.0	1.0	0.0	0.0	0.0	0.0
LUSC	0.0	1.0	0.0	0.0	0.0	0.0
LUSC	0.0	1.0	0.0	0.0	0.0	0.0
LUSC	0.0	1.0	0.0	0.0	0.0	0.0
LUSC	0.0	1.0	0.0	0.0	0.0	0.0
LUSC	0.0	1.0	0.0	0.0	0.0	0.0
LUSC	0.0	1.0	0.0	0.0	0.0	0.0
LUSC	0.0	1.0	0.0	0.0	0.0	0.0
LUSC	0.0	1.0	0.0	0.0	0.0	0.0
LUSC	0.0	1.0	0.0	0.0	0.0	0.0
LUSC	0.0	1.0	0.0	0.0	0.0	0.0
LUSC	0.0	1.0	0.0	0.0	0.0	0.0
LUSC	0.0	1.0	0.0	0.0	0.0	0.0
LUSC	0.0	1.0	0.0	0.0	0.0	0.0
LUSC	0.0	1.0	0.0	0.0	0.0	0.0
LUSC	0.0	1.0	0.0	0.0	0.0	0.0
LUSC	0.0	1.0	0.0	0.0	0.0	0.0
LUSC	0.0	1.0	0.0	0.0	0.0	0.0
LUSC	0.0	1.0	0.0	0.0	0.0	0.0
LUSC	0.0	1.0	0.0	0.0	0.0	0.0
LUSC	0.0	1.0	0.0	0.0	0.0	0.0
LUSC	0.0	1.0	0.0	0.0	0.0	0.0
LUSC	0.0	1.0	0.0	0.0	0.0	0.0
LUSC	0.0					
LUSC	0.0	1.0	0.0	0.0	0.0	0.0
LUSC	0.0	1.0	0.0	0.0	0.0	0.0
LUSC	0.0	1.0	0.0	0.0	0.0	0.0
LUSC	0.0	1.0	0.0	0.0	0.0	0.0
LUSC	0.0	1.0	0.0	0.0	0.0	0.0
LUSC	0.0	1.0	0.0	0.0	0.0	0.0
LUSC	0.0	1.0	0.0	0.0	0.0	0.0
LUSC	0.0	1.0	0.0	0.0	0.0	0.0
LUSC	0.0	1.0	0.0	0.0	0.0	0.0
LUSC	0.0	1.0	0.0	0.0	0.0	0.0
LUSC	0.0	1.0	0.0	0.0	0.0	0.0
LUSC	0.0	1.0	0.0	0.0	0.0	0.0
LUSC	0.0	1.0	0.0	0.0	0.0	0.0
LUSC	0.0					
LUSC	1898.0	1.0	0.0	0.0	0.0	0.0
LUSC	2491.0	1.0	0.0	0.0	0.0	0.0
LUSC	5150.0	1.0	0.0	0.0	0.0	0.0
LUSC	971.0	1.0	0.0	0.0	0.0	0.0
LUSC	0.0	1.0	0.0	0.0	0.0	0.0
LUSC	0.0	1.0	0.0	0.0	0.0	0.0
LUSC	0.0	1.0	0.0	0.0	0.0	0.0
LUSC	0.0	1.0	0.0	0.0	0.0	0.0
LUSC	0.0	1.0	0.0	0.0	0.0	0.0
LUSC	0.0	1.0	0.0	0.0	0.0	0.0
LUSC	0.0	1.0	0.0	0.0	0.0	0.0
LUSC	0.0	1.0	0.0	0.0	0.0	0.0
LUSC	0.0	1.0	0.0	0.0	0.0	0.0
LUSC	0.0	1.0	0.0	0.0	0.0	0.0
LUSC	0.0	1.0	0.0	0.0	0.0	0.0
LUSC	0.0	1.0	0.0	0.0	0.0	0.0
LUSC	0.0	1.0	0.0	0.0	0.0	0.0
LUSC	0.0	1.0	0.0	0.0	0.0	0.0
LUSC	0.0	1.0	0.0	0.0	0.0	0.0
LUSC	0.0	1.0	0.0	0.0	0.0	0.0
LUSC	0.0	1.0	0.0	0.0	0.0	0.0
LUSC	0.0	1.0	0.0	0.0	0.0	0.0
LUSC	0.0	1.0	0.0	0.0	0.0	0.0
LUSC	0.0	1.0	0.0	0.0	0.0	0.0
LUSC	0.0	1.0	0.0	0.0	0.0	0.0
LUSC	0.0	1.0	0.0	0.0	0.0	0.0
LUSC	0.0					
LUSC	0.0	1.0	0.0	0.0	0.0	0.0
LUSC	0.0	1.0	0.0	0.0	0.0	0.0
LUSC	0.0	1.0	0.0	0.0	0.0	0.0
LUSC	0.0	1.0	0.0	0.0	0.0	0.0
LUSC	0.0	1.0	0.0	0.0	0.0	0.0
LUSC	0.0	1.0	0.0	0.0	0.0	0.0
LUSC	0.0	1.0	0.0	0.0	0.0	0.0
LUSC	0.0	1.0	0.0	0.0	0.0	0.0
LUSC	0.0	1.0	0.0	0.0	0.0	0.0
LUSC	0.0	1.0	0.0	0.0	0.0	0.0
LUSC	0.0	1.0	0.0	0.0	0.0	0.0
LUSC	0.0	1.0	0.0	0.0	0.0	0.0
LUSC	0.0	1.0	0.0	0.0	0.0	0.0
LUSC	0.0	1.0	0.0	0.0	0.0	0.0
LUSC	0.0	1.0	0.0	0.0	0.0	0.0
LUSC	0.0	1.0	0.0	0.0	0.0	0.0
LUSC	0.0	1.0	0.0	0.0	0.0	0.0
LUSC	0.0	1.0	0.0	0.0	0.0	0.0
LUSC	0.0	1.0	0.0	0.0	0.0	0.0
LUSC	0.0	1.0	0.0	0.0	0.0	0.0
LUSC	0.0					
LUSC	394.0	1.0	0.0	0.0	0.0	0.0
LUSC	204.0	1.0	0.0	0.0	0.0	0.0
LUSC	1373.0	1.0	0.0	0.0	0.0	0.0
LUSC	265.0	1.0	0.0	0.0	0.0	0.0
LUSC	0.0	1.0	0.0	0.0	0.0	0.0
LUSC	0.0	1.0	0.0	0.0	0.0	0.0
LUSC	0.0	1.0	0.0	0.0	0.0	0.0
LUSC	0.0	1.0	0.0	0.0	0.0	0.0
LUSC	0.0	1.0	0.0	0.0	0.0	0.0
LUSC	0.0	1.0	0.0	0.0	0.0	0.0
LUSC	0.0	1.0	0.0	0.0	0.0	0.0
LUSC	0.0	1.0	0.0	0.0	0.0	0.0
LUSC	0.0	1.0	0.0	0.0	0.0	0.0
LUSC	0.0	1.0	0.0	0.0	0.0	0.0
LUSC	0.0	1.0	0.0	0.0	0.0	0.0
LUSC	0.0	1.0	0.0	0.0	0.0	0.0
LUSC	0.0	1.0	0.0	0.0	0.0	0.0
LUSC	0.0	1.0	0.0	0.0	0.0	0.0
LUSC	0.0	1.0	0.0	0.0	0.0	0.0
LUSC	0.0	1.0	0.0	0.0	0.0	0.0
LUSC	0.0	1.0	0.0	0.0	0.0	0.0
LUSC	0.0	1.0	0.0	0.0	0.0	0.0
LUSC	0.0	1.0	0.0	0.0	0.0	0.0
LUSC	0.0	1.0	0.0	0.0	0.0	0.0
LUSC	0.0	1.0	0.0	0.0	0.0	0.0
LUSC	0.0	1.0	0.0	0.0	0.0	0.0
LUSC	0.0	1.0	0.0	0.0	0.0	0.0
LUSC	0.0	1.0	0.0	0.0	0.0	0.0
LUSC	0.0	1.0	0.0	0.0	0.0	0.0
LUSC	0.0	1.0	0.0	0.0	0.0	0.0
LUSC	0.0	1.0	0.0	0.0	0.0	0.0
LUSC	0.0	1.0	0.0	0.0	0.0	0.0
LUSC	0.0	1.0	0.0	0.0	0.0	0.0
LUSC	0.0					
LUSC	0.0	1.0	0.0	0.0	0.0	0.0
LUSC	0.0	1.0	0.0	0.0	0.0	0.0
LUSC	0.0	1.0	0.0	0.0	0.0	0.0
LUSC	0.0	1.0	0.0	0.0	0.0	0.0
LUSC	0.0	1.0	0.0	0.0	0.0	0.0
LUSC	0.0	1.0	0.0	0.0	0.0	0.0
LUSC	0.0	1.0	0.0	0.0	0.0	0.0
LUSC	0.0	1.0	0.0	0.0	0.0	0.0
LUSC	0.0	1.0	0.0	0.0	0.0	0.0
LUSC	0.0	1.0	0.0	0.0	0.0	0.0
LUSC	0.0	1.0	0.0	0.0	0.0	0.0
LUSC	0.0					
LUSC	0.0	1.0	0.0	0.0	0.0	0.0
LUSC	0.0	1.0	0.0	0.0	0.0	0.0
LUSC	2178.0	1.0	0.0	0.0	0.0	0.0
LUSC	2403.0	1.0	0.0	0.0	0.0	0.0
LUSC	4179.0	1.0	0.0	0.0	0.0	0.0
LUSC	1065.0	1.0	0.0	0.0	0.0	0.0
LUSC	0.0					
LUSC	0.0	1.0	0.0	0.0	0.0	0.0
LUSC	0.0	1.0	0.0	0.0	0.0	0.0
LUSC	0.0	1.0	0.0	0.0	0.0	0.0
LUSC	0.0	1.0	0.0	0.0	0.0	0.0
LUSC	0.0	1.0	0.0	0.0	0.0	0.0
LUSC	0.0	1.0	0.0	0.0	0.0	0.0
LUSC	0.0	1.0	0.0	0.0	0.0	0.0
LUSC	0.0	1.0	0.0	0.0	0.0	0.0
LUSC	0.0	1.0	0.0	0.0	0.0	0.0
LUSC	0.0	1.0	0.0	0.0	0.0	0.0
LUSC	0.0	1.0	0.0	0.0	0.0	0.0
LUSC	0.0	1.0	0.0	0.0	0.0	0.0
LUSC	0.0	1.0	0.0	0.0	0.0	0.0
LUSC	0.0	1.0	0.0	0.0	0.0	0.0
LUSC	0.0	1.0	0.0	0.0	0.0	0.0
LUSC	0.0	1.0	0.0	0.0	0.0	0.0
LUSC	0.0	1.0	0.0	0.0	0.0	0.0
LUSC	0.0	1.0	0.0	0.0	0.0	0.0
LUSC	0.0	1.0	0.0	0.0	0.0	0.0
LUSC	0.0	1.0	0.0	0.0	0.0	0.0
LUSC	0.0	1.0	0.0	0.0	0.0	0.0
LUSC	0.0	1.0	0.0	0.0	0.0	0.0
LUSC	0.0	1.0	0.0	0.0	0.0	0.0
LUSC	0.0	1.0	0.0	0.0	0.0	0.0
LUSC	0.0	1.0	0.0	0.0	0.0	0.0
LUSC	0.0	1.0	0.0	0.0	0.0	0.0
LUSC	0.0	1.0	0.0	0.0	0.0	0.0
LUSC	0.0	1.0	0.0	0.0	0.0	0.0
LUSC	0.0	1.0	0.0	0.0	0.0	0.0
LUSC	0.0	1.0	0.0	0.0	0.0	0.0
LUSC	0.0	1.0	0.0	0.0	0.0	0.0
LUSC	0.0	1.0	0.0	0.0	0.0	0.0
LUSC	0.0	1.0	0.0	0.0	0.0	0.0
LUSC	0.0	1.0	0.0	0.0	0.0	0.0
LUSC	0.0	1.0	0.0	0.0	0.0	0.0
LUSC	0.0	1.0	0.0	0.0	0.0	0.0
LUSC	0.0	1.0	0.0	0.0	0.0	0.0
LUSC	0.0	1.0	0.0	0.0	0.0	0.0
LUSC	0.0					
MESO	0.0	1.0	0.0	0.0	0.0	0.0
MESO	0.0	1.0	0.0	0.0	0.0	0.0
MESO	0.0	1.0	0.0	0.0	0.0	0.0
MESO	0.0	1.0	0.0	0.0	0.0	0.0
MESO	2002.0	1.0	0.0	0.0	0.0	0.0
MESO	1325.0	1.0	0.0	0.0	0.0	0.0
MESO	3314.0	1.0	0.0	0.0	0.0	0.0
MESO	2307.0	1.0	0.0	0.0	0.0	0.0
MESO	0.0	1.0	0.0	0.0	0.0	0.0
MESO	0.0					
MESO	0.0	1.0	0.0	0.0	0.0	0.0
MESO	0.0	1.0	0.0	0.0	0.0	0.0
MESO	0.0	1.0	0.0	0.0	0.0	0.0
MESO	0.0	1.0	0.0	0.0	0.0	0.0
MESO	0.0	1.0	0.0	0.0	0.0	0.0
MESO	0.0	1.0	0.0	0.0	0.0	0.0
MESO	0.0	1.0	0.0	0.0	0.0	0.0
MESO	0.0	1.0	0.0	0.0	0.0	0.0
MESO	0.0	1.0	0.0	0.0	0.0	0.0
MESO	0.0	1.0	0.0	0.0	0.0	0.0
MESO	0.0	1.0	0.0	0.0	0.0	0.0
MESO	0.0	1.0	0.0	0.0	0.0	0.0
MESO	0.0	1.0	0.0	0.0	0.0	0.0
MESO	0.0	1.0	0.0	0.0	0.0	0.0
MESO	0.0	1.0	0.0	0.0	0.0	0.0
MESO	0.0	1.0	0.0	0.0	0.0	0.0
MESO	0.0	1.0	0.0	0.0	0.0	0.0
MESO	0.0	1.0	0.0	0.0	0.0	0.0
MESO	0.0	1.0	0.0	0.0	0.0	0.0
MESO	0.0	1.0	0.0	0.0	0.0	0.0
MESO	0.0	1.0	0.0	0.0	0.0	0.0
MESO	0.0	1.0	0.0	0.0	0.0	0.0
MESO	0.0	1.0	0.0	0.0	0.0	0.0
MESO	0.0	1.0	0.0	0.0	0.0	0.0
MESO	0.0	1.0	0.0	0.0	0.0	0.0
MESO	0.0	1.0	0.0	0.0	0.0	0.0
MESO	0.0	1.0	0.0	0.0	0.0	0.0
MESO	0.0					
MESO	0.0	1.0	0.0	0.0	0.0	0.0
MESO	0.0	1.0	0.0	0.0	0.0	0.0
MESO	0.0	1.0	0.0	0.0	0.0	0.0
MESO	0.0	1.0	0.0	0.0	0.0	0.0
MESO	0.0	1.0	0.0	0.0	0.0	0.0
MESO	0.0	1.0	0.0	0.0	0.0	0.0
MESO	0.0	1.0	0.0	0.0	0.0	0.0
MESO	0.0	1.0	0.0	0.0	0.0	0.0
MESO	0.0	1.0	0.0	0.0	0.0	0.0
MESO	0.0	1.0	0.0	0.0	0.0	0.0
MESO	0.0	1.0	0.0	0.0	0.0	0.0
MESO	0.0	1.0	0.0	0.0	0.0	0.0
MESO	0.0	1.0	0.0	0.0	0.0	0.0
MESO	0.0					
MESO	1898.0	1.0	0.0	0.0	0.0	0.0
MESO	2491.0	1.0	0.0	0.0	0.0	0.0
MESO	5150.0	1.0	0.0	0.0	0.0	0.0
MESO	971.0	1.0	0.0	0.0	0.0	0.0
MESO	0.0	1.0	0.0	0.0	0.0	0.0
MESO	0.0	1.0	0.0	0.0	0.0	0.0
MESO	0.0	1.0	0.0	0.0	0.0	0.0
MESO	0.0	1.0	0.0	0.0	0.0	0.0
MESO	0.0	1.0	0.0	0.0	0.0	0.0
MESO	0.0	1.0	0.0	0.0	0.0	0.0
MESO	0.0	1.0	0.0	0.0	0.0	0.0
MESO	0.0	1.0	0.0	0.0	0.0	0.0
MESO	0.0	1.0	0.0	0.0	0.0	0.0
MESO	0.0	1.0	0.0	0.0	0.0	0.0
MESO	0.0	1.0	0.0	0.0	0.0	0.0
MESO	0.0	1.0	0.0	0.0	0.0	0.0
MESO	0.0	1.0	0.0	0.0	0.0	0.0
MESO	0.0	1.0	0.0	0.0	0.0	0.0
MESO	0.0	1.0	0.0	0.0	0.0	0.0
MESO	0.0	1.0	0.0	0.0	0.0	0.0
MESO	0.0	1.0	0.0	0.0	0.0	0.0
MESO	0.0	1.0	0.0	0.0	0.0	0.0
MESO	0.0	1.0	0.0	0.0	0.0	0.0
MESO	0.0	1.0	0.0	0.0	0.0	0.0
MESO	0.0	1.0	0.0	0.0	0.0	0.0
MESO	0.0	1.0	0.0	0.0	0.0	0.0
MESO	0.0					
MESO	0.0	1.0	0.0	0.0	0.0	0.0
MESO	0.0	1.0	0.0	0.0	0.0	0.0
MESO	0.0	1.0	0.0	0.0	0.0	0.0
MESO	0.0	1.0	0.0	0.0	0.0	0.0
MESO	0.0	1.0	0.0	0.0	0.0	0.0
MESO	0.0	1.0	0.0	0.0	0.0	0.0
MESO	0.0	1.0	0.0	0.0	0.0	0.0
MESO	0.0	1.0	0.0	0.0	0.0	0.0
MESO	0.0	1.0	0.0	0.0	0.0	0.0
MESO	0.0	1.0	0.0	0.0	0.0	0.0
MESO	0.0	1.0	0.0	0.0	0.0	0.0
MESO	0.0	1.0	0.0	0.0	0.0	0.0
MESO	0.0	1.0	0.0	0.0	0.0	0.0
MESO	0.0	1.0	0.0	0.0	0.0	0.0
MESO	0.0	1.0	0.0	0.0	0.0	0.0
MESO	0.0	1.0	0.0	0.0	0.0	0.0
MESO	0.0	1.0	0.0	0.0	0.0	0.0
MESO	0.0	1.0	0.0	0.0	0.0	0.0
MESO	0.0	1.0	0.0	0.0	0.0	0.0
MESO	0.0	1.0	0.0	0.0	0.0	0.0
MESO	0.0					
MESO	394.0	1.0	0.0	0.0	0.0	0.0
MESO	204.0	1.0	0.0	0.0	0.0	0.0
MESO	1373.0	1.0	0.0	0.0	0.0	0.0
MESO	265.0	1.0	0.0	0.0	0.0	0.0
MESO	0.0	1.0	0.0	0.0	0.0	0.0
MESO	0.0	1.0	0.0	0.0	0.0	0.0
MESO	0.0	1.0	0.0	0.0	0.0	0.0
MESO	0.0	1.0	0.0	0.0	0.0	0.0
MESO	0.0	1.0	0.0	0.0	0.0	0.0
MESO	0.0	1.0	0.0	0.0	0.0	0.0
MESO	0.0	1.0	0.0	0.0	0.0	0.0
MESO	0.0	1.0	0.0	0.0	0.0	0.0
MESO	0.0	1.0	0.0	0.0	0.0	0.0
MESO	0.0	1.0	0.0	0.0	0.0	0.0
MESO	0.0	1.0	0.0	0.0	0.0	0.0
MESO	0.0	1.0	0.0	0.0	0.0	0.0
MESO	0.0	1.0	0.0	0.0	0.0	0.0
MESO	0.0	1.0	0.0	0.0	0.0	0.0
MESO	0.0	1.0	0.0	0.0	0.0	0.0
MESO	0.0	1.0	0.0	0.0	0.0	0.0
MESO	0.0	1.0	0.0	0.0	0.0	0.0
MESO	0.0	1.0	0.0	0.0	0.0	0.0
MESO	0.0	1.0	0.0	0.0	0.0	0.0
MESO	0.0	1.0	0.0	0.0	0.0	0.0
MESO	0.0	1.0	0.0	0.0	0.0	0.0
MESO	0.0	1.0	0.0	0.0	0.0	0.0
MESO	0.0	1.0	0.0	0.0	0.0	0.0
MESO	0.0	1.0	0.0	0.0	0.0	0.0
MESO	0.0	1.0	0.0	0.0	0.0	0.0
MESO	0.0	1.0	0.0	0.0	0.0	0.0
MESO	0.0	1.0	0.0	0.0	0.0	0.0
MESO	0.0	1.0	0.0	0.0	0.0	0.0
MESO	0.0	1.0	0.0	0.0	0.0	0.0
MESO	0.0					
MESO	0.0	1.0	0.0	0.0	0.0	0.0
MESO	0.0	1.0	0.0	0.0	0.0	0.0
MESO	0.0	1.0	0.0	0.0	0.0	0.0
MESO	0.0	1.0	0.0	0.0	0.0	0.0
MESO	0.0	1.0	0.0	0.0	0.0	0.0
MESO	0.0	1.0	0.0	0.0	0.0	0.0
MESO	0.0	1.0	0.0	0.0	0.0	0.0
MESO	0.0	1.0	0.0	0.0	0.0	0.0
MESO	0.0	1.0	0.0	0.0	0.0	0.0
MESO	0.0	1.0	0.0	0.0	0.0	0.0
MESO	0.0	1.0	0.0	0.0	0.0	0.0
MESO	0.0					
MESO	0.0	1.0	0.0	0.0	0.0	0.0
MESO	0.0	1.0	0.0	0.0	0.0	0.0
MESO	2178.0	1.0	0.0	0.0	0.0	0.0
MESO	2403.0	1.0	0.0	0.0	0.0	0.0
MESO	4179.0	1.0	0.0	0.0	0.0	0.0
MESO	1065.0	1.0	0.0	0.0	0.0	0.0
MESO	0.0					
MESO	0.0	1.0	0.0	0.0	0.0	0.0
MESO	0.0	1.0	0.0	0.0	0.0	0.0
MESO	0.0	1.0	0.0	0.0	0.0	0.0
MESO	0.0	1.0	0.0	0.0	0.0	0.0
MESO	0.0	1.0	0.0	0.0	0.0	0.0
MESO	0.0	1.0	0.0	0.0	0.0	0.0
MESO	0.0	1.0	0.0	0.0	0.0	0.0
MESO	0.0	1.0	0.0	0.0	0.0	0.0
MESO	0.0	1.0	0.0	0.0	0.0	0.0
MESO	0.0	1.0	0.0	0.0	0.0	0.0
MESO	0.0	1.0	0.0	0.0	0.0	0.0
MESO	0.0	1.0	0.0	0.0	0.0	0.0
MESO	0.0	1.0	0.0	0.0	0.0	0.0
MESO	0.0	1.0	0.0	0.0	0.0	0.0
MESO	0.0	1.0	0.0	0.0	0.0	0.0
MESO	0.0	1.0	0.0	0.0	0.0	0.0
MESO	0.0	1.0	0.0	0.0	0.0	0.0
MESO	0.0	1.0	0.0	0.0	0.0	0.0
MESO	0.0	1.0	0.0	0.0	0.0	0.0
MESO	0.0	1.0	0.0	0.0	0.0	0.0
MESO	0.0	1.0	0.0	0.0	0.0	0.0
MESO	0.0	1.0	0.0	0.0	0.0	0.0
MESO	0.0	1.0	0.0	0.0	0.0	0.0
MESO	0.0	1.0	0.0	0.0	0.0	0.0
MESO	0.0	1.0	0.0	0.0	0.0	0.0
MESO	0.0	1.0	0.0	0.0	0.0	0.0
MESO	0.0	1.0	0.0	0.0	0.0	0.0
MESO	0.0	1.0	0.0	0.0	0.0	0.0
MESO	0.0	1.0	0.0	0.0	0.0	0.0
MESO	0.0	1.0	0.0	0.0	0.0	0.0
MESO	0.0	1.0	0.0	0.0	0.0	0.0
MESO	0.0	1.0	0.0	0.0	0.0	0.0
MESO	0.0	1.0	0.0	0.0	0.0	0.0
MESO	0.0	1.0	0.0	0.0	0.0	0.0
MESO	0.0	1.0	0.0	0.0	0.0	0.0
MESO	0.0	1.0	0.0	0.0	0.0	0.0
MESO	0.0	1.0	0.0	0.0	0.0	0.0
MESO	0.0	1.0	0.0	0.0	0.0	0.0
MESO	0.0					
NPC	0.0	1.0	0.0	0.0	0.0	0.0
NPC	0.0	1.0	0.0	0.0	0.0	0.0
NPC	0.0	1.0	0.0	0.0	0.0	0.0
NPC	0.0	1.0	0.0	0.0	0.0	0.0
NPC	2002.0	1.0	0.0	0.0	0.0	0.0
NPC	1325.0	1.0	0.0	0.0	0.0	0.0
NPC	3314.0	1.0	0.0	0.0	0.0	0.0
NPC	2307.0	1.0	0.0	0.0	0.0	0.0
NPC	0.0	1.0	0.0	0.0	0.0	0.0
NPC	0.0					
NPC	0.0	1.0	0.0	0.0	0.0	0.0
NPC	0.0	1.0	0.0	0.0	0.0	0.0
NPC	0.0	1.0	0.0	0.0	0.0	0.0
NPC	0.0	1.0	0.0	0.0	0.0	0.0
NPC	0.0	1.0	0.0	0.0	0.0	0.0
NPC	0.0	1.0	0.0	0.0	0.0	0.0
NPC	0.0	1.0	0.0	0.0	0.0	0.0
NPC	0.0	1.0	0.0	0.0	0.0	0.0
NPC	0.0	1.0	0.0	0.0	0.0	0.0
NPC	0.0	1.0	0.0	0.0	0.0	0.0
NPC	0.0	1.0	0.0	0.0	0.0	0.0
NPC	0.0	1.0	0.0	0.0	0.0	0.0
NPC	0.0	1.0	0.0	0.0	0.0	0.0
NPC	0.0	1.0	0.0	0.0	0.0	0.0
NPC	0.0	1.0	0.0	0.0	0.0	0.0
NPC	0.0	1.0	0.0	0.0	0.0	0.0
NPC	0.0	1.0	0.0	0.0	0.0	0.0
NPC	0.0	1.0	0.0	0.0	0.0	0.0
NPC	0.0	1.0	0.0	0.0	0.0	0.0
NPC	0.0	1.0	0.0	0.0	0.0	0.0
NPC	0.0	1.0	0.0	0.0	0.0	0.0
NPC	0.0	1.0	0.0	0.0	0.0	0.0
NPC	0.0	1.0	0.0	0.0	0.0	0.0
NPC	0.0	1.0	0.0	0.0	0.0	0.0
NPC	0.0	1.0	0.0	0.0	0.0	0.0
NPC	0.0	1.0	0.0	0.0	0.0	0.0
NPC	0.0	1.0	0.0	0.0	0.0	0.0
NPC	0.0					
NPC	0.0	1.0	0.0	0.0	0.0	0.0
NPC	0.0	1.0	0.0	0.0	0.0	0.0
NPC	0.0	1.0	0.0	0.0	0.0	0.0
NPC	0.0	1.0	0.0	0.0	0.0	0.0
NPC	0.0	1.0	0.0	0.0	0.0	0.0
NPC	0.0	1.0	0.0	0.0	0.0	0.0
NPC	0.0	1.0	0.0	0.0	0.0	0.0
NPC	0.0	1.0	0.0	0.0	0.0	0.0
NPC	0.0	1.0	0.0	0.0	0.0	0.0
NPC	0.0	1.0	0.0	0.0	0.0	0.0
NPC	0.0	1.0	0.0	0.0	0.0	0.0
NPC	0.0	1.0	0.0	0.0	0.0	0.0
NPC	0.0	1.0	0.0	0.0	0.0	0.0
NPC	0.0					
NPC	1898.0	1.0	0.0	0.0	0.0	0.0
NPC	2491.0	1.0	0.0	0.0	0.0	0.0
NPC	5150.0	1.0	0.0	0.0	0.0	0.0
NPC	971.0	1.0	0.0	0.0	0.0	0.0
NPC	0.0	1.0	0.0	0.0	0.0	0.0
NPC	0.0	1.0	0.0	0.0	0.0	0.0
NPC	0.0	1.0	0.0	0.0	0.0	0.0
NPC	0.0	1.0	0.0	0.0	0.0	0.0
NPC	0.0	1.0	0.0	0.0	0.0	0.0
NPC	0.0	1.0	0.0	0.0	0.0	0.0
NPC	0.0	1.0	0.0	0.0	0.0	0.0
NPC	0.0	1.0	0.0	0.0	0.0	0.0
NPC	0.0	1.0	0.0	0.0	0.0	0.0
NPC	0.0	1.0	0.0	0.0	0.0	0.0
NPC	0.0	1.0	0.0	0.0	0.0	0.0
NPC	0.0	1.0	0.0	0.0	0.0	0.0
NPC	0.0	1.0	0.0	0.0	0.0	0.0
NPC	0.0	1.0	0.0	0.0	0.0	0.0
NPC	0.0	1.0	0.0	0.0	0.0	0.0
NPC	0.0	1.0	0.0	0.0	0.0	0.0
NPC	0.0	1.0	0.0	0.0	0.0	0.0
NPC	0.0	1.0	0.0	0.0	0.0	0.0
NPC	0.0	1.0	0.0	0.0	0.0	0.0
NPC	0.0	1.0	0.0	0.0	0.0	0.0
NPC	0.0	1.0	0.0	0.0	0.0	0.0
NPC	0.0	1.0	0.0	0.0	0.0	0.0
NPC	0.0					
NPC	0.0	1.0	0.0	0.0	0.0	0.0
NPC	0.0	1.0	0.0	0.0	0.0	0.0
NPC	0.0	1.0	0.0	0.0	0.0	0.0
NPC	0.0	1.0	0.0	0.0	0.0	0.0
NPC	0.0	1.0	0.0	0.0	0.0	0.0
NPC	0.0	1.0	0.0	0.0	0.0	0.0
NPC	0.0	1.0	0.0	0.0	0.0	0.0
NPC	0.0	1.0	0.0	0.0	0.0	0.0
NPC	0.0	1.0	0.0	0.0	0.0	0.0
NPC	0.0	1.0	0.0	0.0	0.0	0.0
NPC	0.0	1.0	0.0	0.0	0.0	0.0
NPC	0.0	1.0	0.0	0.0	0.0	0.0
NPC	0.0	1.0	0.0	0.0	0.0	0.0
NPC	0.0	1.0	0.0	0.0	0.0	0.0
NPC	0.0	1.0	0.0	0.0	0.0	0.0
NPC	0.0	1.0	0.0	0.0	0.0	0.0
NPC	0.0	1.0	0.0	0.0	0.0	0.0
NPC	0.0	1.0	0.0	0.0	0.0	0.0
NPC	0.0	1.0	0.0	0.0	0.0	0.0
NPC	0.0	1.0	0.0	0.0	0.0	0.0
NPC	0.0					
NPC	394.0	1.0	0.0	0.0	0.0	0.0
NPC	204.0	1.0	0.0	0.0	0.0	0.0
NPC	1373.0	1.0	0.0	0.0	0.0	0.0
NPC	265.0	1.0	0.0	0.0	0.0	0.0
NPC	0.0	1.0	0.0	0.0	0.0	0.0
NPC	0.0	1.0	0.0	0.0	0.0	0.0
NPC	0.0	1.0	0.0	0.0	0.0	0.0
NPC	0.0	1.0	0.0	0.0	0.0	0.0
NPC	0.0	1.0	0.0	0.0	0.0	0.0
NPC	0.0	1.0	0.0	0.0	0.0	0.0
NPC	0.0	1.0	0.0	0.0	0.0	0.0
NPC	0.0	1.0	0.0	0.0	0.0	0.0
NPC	0.0	1.0	0.0	0.0	0.0	0.0
NPC	0.0	1.0	0.0	0.0	0.0	0.0
NPC	0.0	1.0	0.0	0.0	0.0	0.0
NPC	0.0	1.0	0.0	0.0	0.0	0.0
NPC	0.0	1.0	0.0	0.0	0.0	0.0
NPC	0.0	1.0	0.0	0.0	0.0	0.0
NPC	0.0	1.0	0.0	0.0	0.0	0.0
NPC	0.0	1.0	0.0	0.0	0.0	0.0
NPC	0.0	1.0	0.0	0.0	0.0	0.0
NPC	0.0	1.0	0.0	0.0	0.0	0.0
NPC	0.0	1.0	0.0	0.0	0.0	0.0
NPC	0.0	1.0	0.0	0.0	0.0	0.0
NPC	0.0	1.0	0.0	0.0	0.0	0.0
NPC	0.0	1.0	0.0	0.0	0.0	0.0
NPC	0.0	1.0	0.0	0.0	0.0	0.0
NPC	0.0	1.0	0.0	0.0	0.0	0.0
NPC	0.0	1.0	0.0	0.0	0.0	0.0
NPC	0.0	1.0	0.0	0.0	0.0	0.0
NPC	0.0	1.0	0.0	0.0	0.0	0.0
NPC	0.0	1.0	0.0	0.0	0.0	0.0
NPC	0.0	1.0	0.0	0.0	0.0	0.0
NPC	0.0					
NPC	0.0	1.0	0.0	0.0	0.0	0.0
NPC	0.0	1.0	0.0	0.0	0.0	0.0
NPC	0.0	1.0	0.0	0.0	0.0	0.0
NPC	0.0	1.0	0.0	0.0	0.0	0.0
NPC	0.0	1.0	0.0	0.0	0.0	0.0
NPC	0.0	1.0	0.0	0.0	0.0	0.0
NPC	0.0	1.0	0.0	0.0	0.0	0.0
NPC	0.0	1.0	0.0	0.0	0.0	0.0
NPC	0.0	1.0	0.0	0.0	0.0	0.0
NPC	0.0	1.0	0.0	0.0	0.0	0.0
NPC	0.0	1.0	0.0	0.0	0.0	0.0
NPC	0.0					
NPC	0.0	1.0	0.0	0.0	0.0	0.0
NPC	0.0	1.0	0.0	0.0	0.0	0.0
NPC	2178.0	1.0	0.0	0.0	0.0	0.0
NPC	2403.0	1.0	0.0	0.0	0.0	0.0
NPC	4179.0	1.0	0.0	0.0	0.0	0.0
NPC	1065.0	1.0	0.0	0.0	0.0	0.0
NPC	0.0					
NPC	0.0	1.0	0.0	0.0	0.0	0.0
NPC	0.0	1.0	0.0	0.0	0.0	0.0
NPC	0.0	1.0	0.0	0.0	0.0	0.0
NPC	0.0	1.0	0.0	0.0	0.0	0.0
NPC	0.0	1.0	0.0	0.0	0.0	0.0
NPC	0.0	1.0	0.0	0.0	0.0	0.0
NPC	0.0	1.0	0.0	0.0	0.0	0.0
NPC	0.0	1.0	0.0	0.0	0.0	0.0
NPC	0.0	1.0	0.0	0.0	0.0	0.0
NPC	0.0	1.0	0.0	0.0	0.0	0.0
NPC	0.0	1.0	0.0	0.0	0.0	0.0
NPC	0.0	1.0	0.0	0.0	0.0	0.0
NPC	0.0	1.0	0.0	0.0	0.0	0.0
NPC	0.0	1.0	0.0	0.0	0.0	0.0
NPC	0.0	1.0	0.0	0.0	0.0	0.0
NPC	0.0	1.0	0.0	0.0	0.0	0.0
NPC	0.0	1.0	0.0	0.0	0.0	0.0
NPC	0.0	1.0	0.0	0.0	0.0	0.0
NPC	0.0	1.0	0.0	0.0	0.0	0.0
NPC	0.0	1.0	0.0	0.0	0.0	0.0
NPC	0.0	1.0	0.0	0.0	0.0	0.0
NPC	0.0	1.0	0.0	0.0	0.0	0.0
NPC	0.0	1.0	0.0	0.0	0.0	0.0
NPC	0.0	1.0	0.0	0.0	0.0	0.0
NPC	0.0	1.0	0.0	0.0	0.0	0.0
NPC	0.0	1.0	0.0	0.0	0.0	0.0
NPC	0.0	1.0	0.0	0.0	0.0	0.0
NPC	0.0	1.0	0.0	0.0	0.0	0.0
NPC	0.0	1.0	0.0	0.0	0.0	0.0
NPC	0.0	1.0	0.0	0.0	0.0	0.0
NPC	0.0	1.0	0.0	0.0	0.0	0.0
NPC	0.0	1.0	0.0	0.0	0.0	0.0
NPC	0.0	1.0	0.0	0.0	0.0	0.0
NPC	0.0	1.0	0.0	0.0	0.0	0.0
NPC	0.0	1.0	0.0	0.0	0.0	0.0
NPC	0.0	1.0	0.0	0.0	0.0	0.0
NPC	0.0	1.0	0.0	0.0	0.0	0.0
NPC	0.0	1.0	0.0	0.0	0.0	0.0
NPC	0.0					
OV	0.0	1.0	0.0	0.0	0.0	0.0
OV	0.0	1.0	0.0	0.0	0.0	0.0
OV	0.0	1.0	0.0	0.0	0.0	0.0
OV	0.0	1.0	0.0	0.0	0.0	0.0
OV	2002.0	1.0	0.0	0.0	0.0	0.0
OV	1325.0	1.0	0.0	0.0	0.0	0.0
OV	3314.0	1.0	0.0	0.0	0.0	0.0
OV	2307.0	1.0	0.0	0.0	0.0	0.0
OV	0.0	1.0	0.0	0.0	0.0	0.0
OV	0.0					
OV	0.0	1.0	0.0	0.0	0.0	0.0
OV	0.0	1.0	0.0	0.0	0.0	0.0
OV	0.0	1.0	0.0	0.0	0.0	0.0
OV	0.0	1.0	0.0	0.0	0.0	0.0
OV	0.0	1.0	0.0	0.0	0.0	0.0
OV	0.0	1.0	0.0	0.0	0.0	0.0
OV	0.0	1.0	0.0	0.0	0.0	0.0
OV	0.0	1.0	0.0	0.0	0.0	0.0
OV	0.0	1.0	0.0	0.0	0.0	0.0
OV	0.0	1.0	0.0	0.0	0.0	0.0
OV	0.0	1.0	0.0	0.0	0.0	0.0
OV	0.0	1.0	0.0	0.0	0.0	0.0
OV	0.0	1.0	0.0	0.0	0.0	0.0
OV	0.0	1.0	0.0	0.0	0.0	0.0
OV	0.0	1.0	0.0	0.0	0.0	0.0
OV	0.0	1.0	0.0	0.0	0.0	0.0
OV	0.0	1.0	0.0	0.0	0.0	0.0
OV	0.0	1.0	0.0	0.0	0.0	0.0
OV	0.0	1.0	0.0	0.0	0.0	0.0
OV	0.0	1.0	0.0	0.0	0.0	0.0
OV	0.0	1.0	0.0	0.0	0.0	0.0
OV	0.0	1.0	0.0	0.0	0.0	0.0
OV	0.0	1.0	0.0	0.0	0.0	0.0
OV	0.0	1.0	0.0	0.0	0.0	0.0
OV	0.0	1.0	0.0	0.0	0.0	0.0
OV	0.0	1.0	0.0	0.0	0.0	0.0
OV	0.0	1.0	0.0	0.0	0.0	0.0
OV	0.0					
OV	0.0	1.0	0.0	0.0	0.0	0.0
OV	0.0	1.0	0.0	0.0	0.0	0.0
OV	0.0	1.0	0.0	0.0	0.0	0.0
OV	0.0	1.0	0.0	0.0	0.0	0.0
OV	0.0	1.0	0.0	0.0	0.0	0.0
OV	0.0	1.0	0.0	0.0	0.0	0.0
OV	0.0	1.0	0.0	0.0	0.0	0.0
OV	0.0	1.0	0.0	0.0	0.0	0.0
OV	0.0	1.0	0.0	0.0	0.0	0.0
OV	0.0	1.0	0.0	0.0	0.0	0.0
OV	0.0	1.0	0.0	0.0	0.0	0.0
OV	0.0	1.0	0.0	0.0	0.0	0.0
OV	0.0	1.0	0.0	0.0	0.0	0.0
OV	0.0					
OV	1898.0	1.0	0.0	0.0	0.0	0.0
OV	2491.0	1.0	0.0	0.0	0.0	0.0
OV	5150.0	1.0	0.0	0.0	0.0	0.0
OV	971.0	1.0	0.0	0.0	0.0	0.0
OV	0.0	1.0	0.0	0.0	0.0	0.0
OV	0.0	1.0	0.0	0.0	0.0	0.0
OV	0.0	1.0	0.0	0.0	0.0	0.0
OV	0.0	1.0	0.0	0.0	0.0	0.0
OV	0.0	1.0	0.0	0.0	0.0	0.0
OV	0.0	1.0	0.0	0.0	0.0	0.0
OV	0.0	1.0	0.0	0.0	0.0	0.0
OV	0.0	1.0	0.0	0.0	0.0	0.0
OV	0.0	1.0	0.0	0.0	0.0	0.0
OV	0.0	1.0	0.0	0.0	0.0	0.0
OV	0.0	1.0	0.0	0.0	0.0	0.0
OV	0.0	1.0	0.0	0.0	0.0	0.0
OV	0.0	1.0	0.0	0.0	0.0	0.0
OV	0.0	1.0	0.0	0.0	0.0	0.0
OV	0.0	1.0	0.0	0.0	0.0	0.0
OV	0.0	1.0	0.0	0.0	0.0	0.0
OV	0.0	1.0	0.0	0.0	0.0	0.0
OV	0.0	1.0	0.0	0.0	0.0	0.0
OV	0.0	1.0	0.0	0.0	0.0	0.0
OV	0.0	1.0	0.0	0.0	0.0	0.0
OV	0.0	1.0	0.0	0.0	0.0	0.0
OV	0.0	1.0	0.0	0.0	0.0	0.0
OV	0.0					
OV	0.0	1.0	0.0	0.0	0.0	0.0
OV	0.0	1.0	0.0	0.0	0.0	0.0
OV	0.0	1.0	0.0	0.0	0.0	0.0
OV	0.0	1.0	0.0	0.0	0.0	0.0
OV	0.0	1.0	0.0	0.0	0.0	0.0
OV	0.0	1.0	0.0	0.0	0.0	0.0
OV	0.0	1.0	0.0	0.0	0.0	0.0
OV	0.0	1.0	0.0	0.0	0.0	0.0
OV	0.0	1.0	0.0	0.0	0.0	0.0
OV	0.0	1.0	0.0	0.0	0.0	0.0
OV	0.0	1.0	0.0	0.0	0.0	0.0
OV	0.0	1.0	0.0	0.0	0.0	0.0
OV	0.0	1.0	0.0	0.0	0.0	0.0
OV	0.0	1.0	0.0	0.0	0.0	0.0
OV	0.0	1.0	0.0	0.0	0.0	0.0
OV	0.0	1.0	0.0	0.0	0.0	0.0
OV	0.0	1.0	0.0	0.0	0.0	0.0
OV	0.0	1.0	0.0	0.0	0.0	0.0
OV	0.0	1.0	0.0	0.0	0.0	0.0
OV	0.0	1.0	0.0	0.0	0.0	0.0
OV	0.0					
OV	394.0	1.0	0.0	0.0	0.0	0.0
OV	204.0	1.0	0.0	0.0	0.0	0.0
OV	1373.0	1.0	0.0	0.0	0.0	0.0
OV	265.0	1.0	0.0	0.0	0.0	0.0
OV	0.0	1.0	0.0	0.0	0.0	0.0
OV	0.0	1.0	0.0	0.0	0.0	0.0
OV	0.0	1.0	0.0	0.0	0.0	0.0
OV	0.0	1.0	0.0	0.0	0.0	0.0
OV	0.0	1.0	0.0	0.0	0.0	0.0
OV	0.0	1.0	0.0	0.0	0.0	0.0
OV	0.0	1.0	0.0	0.0	0.0	0.0
OV	0.0	1.0	0.0	0.0	0.0	0.0
OV	0.0	1.0	0.0	0.0	0.0	0.0
OV	0.0	1.0	0.0	0.0	0.0	0.0
OV	0.0	1.0	0.0	0.0	0.0	0.0
OV	0.0	1.0	0.0	0.0	0.0	0.0
OV	0.0	1.0	0.0	0.0	0.0	0.0
OV	0.0	1.0	0.0	0.0	0.0	0.0
OV	0.0	1.0	0.0	0.0	0.0	0.0
OV	0.0	1.0	0.0	0.0	0.0	0.0
OV	0.0	1.0	0.0	0.0	0.0	0.0
OV	0.0	1.0	0.0	0.0	0.0	0.0
OV	0.0	1.0	0.0	0.0	0.0	0.0
OV	0.0	1.0	0.0	0.0	0.0	0.0
OV	0.0	1.0	0.0	0.0	0.0	0.0
OV	0.0	1.0	0.0	0.0	0.0	0.0
OV	0.0	1.0	0.0	0.0	0.0	0.0
OV	0.0	1.0	0.0	0.0	0.0	0.0
OV	0.0	1.0	0.0	0.0	0.0	0.0
OV	0.0	1.0	0.0	0.0	0.0	0.0
OV	0.0	1.0	0.0	0.0	0.0	0.0
OV	0.0	1.0	0.0	0.0	0.0	0.0
OV	0.0	1.0	0.0	0.0	0.0	0.0
OV	0.0					
OV	0.0	1.0	0.0	0.0	0.0	0.0
OV	0.0	1.0	0.0	0.0	0.0	0.0
OV	0.0	1.0	0.0	0.0	0.0	0.0
OV	0.0	1.0	0.0	0.0	0.0	0.0
OV	0.0	1.0	0.0	0.0	0.0	0.0
OV	0.0	1.0	0.0	0.0	0.0	0.0
OV	0.0	1.0	0.0	0.0	0.0	0.0
OV	0.0	1.0	0.0	0.0	0.0	0.0
OV	0.0	1.0	0.0	0.0	0.0	0.0
OV	0.0	1.0	0.0	0.0	0.0	0.0
OV	0.0	1.0	0.0	0.0	0.0	0.0
OV	0.0					
OV	0.0	1.0	0.0	0.0	0.0	0.0
OV	0.0	1.0	0.0	0.0	0.0	0.0
OV	2178.0	1.0	0.0	0.0	0.0	0.0
OV	2403.0	1.0	0.0	0.0	0.0	0.0
OV	4179.0	1.0	0.0	0.0	0.0	0.0
OV	1065.0	1.0	0.0	0.0	0.0	0.0
OV	0.0					
OV	0.0	1.0	0.0	0.0	0.0	0.0
OV	0.0	1.0	0.0	0.0	0.0	0.0
OV	0.0	1.0	0.0	0.0	0.0	0.0
OV	0.0	1.0	0.0	0.0	0.0	0.0
OV	0.0	1.0	0.0	0.0	0.0	0.0
OV	0.0	1.0	0.0	0.0	0.0	0.0
OV	0.0	1.0	0.0	0.0	0.0	0.0
OV	0.0	1.0	0.0	0.0	0.0	0.0
OV	0.0	1.0	0.0	0.0	0.0	0.0
OV	0.0	1.0	0.0	0.0	0.0	0.0
OV	0.0	1.0	0.0	0.0	0.0	0.0
OV	0.0	1.0	0.0	0.0	0.0	0.0
OV	0.0	1.0	0.0	0.0	0.0	0.0
OV	0.0	1.0	0.0	0.0	0.0	0.0
OV	0.0	1.0	0.0	0.0	0.0	0.0
OV	0.0	1.0	0.0	0.0	0.0	0.0
OV	0.0	1.0	0.0	0.0	0.0	0.0
OV	0.0	1.0	0.0	0.0	0.0	0.0
OV	0.0	1.0	0.0	0.0	0.0	0.0
OV	0.0	1.0	0.0	0.0	0.0	0.0
OV	0.0	1.0	0.0	0.0	0.0	0.0
OV	0.0	1.0	0.0	0.0	0.0	0.0
OV	0.0	1.0	0.0	0.0	0.0	0.0
OV	0.0	1.0	0.0	0.0	0.0	0.0
OV	0.0	1.0	0.0	0.0	0.0	0.0
OV	0.0	1.0	0.0	0.0	0.0	0.0
OV	0.0	1.0	0.0	0.0	0.0	0.0
OV	0.0	1.0	0.0	0.0	0.0	0.0
OV	0.0	1.0	0.0	0.0	0.0	0.0
OV	0.0	1.0	0.0	0.0	0.0	0.0
OV	0.0	1.0	0.0	0.0	0.0	0.0
OV	0.0	1.0	0.0	0.0	0.0	0.0
OV	0.0	1.0	0.0	0.0	0.0	0.0
OV	0.0	1.0	0.0	0.0	0.0	0.0
OV	0.0	1.0	0.0	0.0	0.0	0.0
OV	0.0	1.0	0.0	0.0	0.0	0.0
OV	0.0	1.0	0.0	0.0	0.0	0.0
OV	0.0	1.0	0.0	0.0	0.0	0.0
OV	0.0					
PAAD	0.0	1.0	0.0	0.0	0.0	0.0
PAAD	0.0	1.0	0.0	0.0	0.0	0.0
PAAD	0.0	1.0	0.0	0.0	0.0	0.0
PAAD	0.0	1.0	0.0	0.0	0.0	0.0
PAAD	2002.0	1.0	0.0	0.0	0.0	0.0
PAAD	1325.0	1.0	0.0	0.0	0.0	0.0
PAAD	3314.0	1.0	0.0	0.0	0.0	0.0
PAAD	2307.0	1.0	0.0	0.0	0.0	0.0
PAAD	0.0	1.0	0.0	0.0	0.0	0.0
PAAD	0.0					
PAAD	0.0	1.0	0.0	0.0	0.0	0.0
PAAD	0.0	1.0	0.0	0.0	0.0	0.0
PAAD	0.0	1.0	0.0	0.0	0.0	0.0
PAAD	0.0	1.0	0.0	0.0	0.0	0.0
PAAD	0.0	1.0	0.0	0.0	0.0	0.0
PAAD	0.0	1.0	0.0	0.0	0.0	0.0
PAAD	0.0	1.0	0.0	0.0	0.0	0.0
PAAD	0.0	1.0	0.0	0.0	0.0	0.0
PAAD	0.0	1.0	0.0	0.0	0.0	0.0
PAAD	0.0	1.0	0.0	0.0	0.0	0.0
PAAD	0.0	1.0	0.0	0.0	0.0	0.0
PAAD	0.0	1.0	0.0	0.0	0.0	0.0
PAAD	0.0	1.0	0.0	0.0	0.0	0.0
PAAD	0.0	1.0	0.0	0.0	0.0	0.0
PAAD	0.0	1.0	0.0	0.0	0.0	0.0
PAAD	0.0	1.0	0.0	0.0	0.0	0.0
PAAD	0.0	1.0	0.0	0.0	0.0	0.0
PAAD	0.0	1.0	0.0	0.0	0.0	0.0
PAAD	0.0	1.0	0.0	0.0	0.0	0.0
PAAD	0.0	1.0	0.0	0.0	0.0	0.0
PAAD	0.0	1.0	0.0	0.0	0.0	0.0
PAAD	0.0	1.0	0.0	0.0	0.0	0.0
PAAD	0.0	1.0	0.0	0.0	0.0	0.0
PAAD	0.0	1.0	0.0	0.0	0.0	0.0
PAAD	0.0	1.0	0.0	0.0	0.0	0.0
PAAD	0.0	1.0	0.0	0.0	0.0	0.0
PAAD	0.0	1.0	0.0	0.0	0.0	0.0
PAAD	0.0					
PAAD	0.0	1.0	0.0	0.0	0.0	0.0
PAAD	0.0	1.0	0.0	0.0	0.0	0.0
PAAD	0.0	1.0	0.0	0.0	0.0	0.0
PAAD	0.0	1.0	0.0	0.0	0.0	0.0
PAAD	0.0	1.0	0.0	0.0	0.0	0.0
PAAD	0.0	1.0	0.0	0.0	0.0	0.0
PAAD	0.0	1.0	0.0	0.0	0.0	0.0
PAAD	0.0	1.0	0.0	0.0	0.0	0.0
PAAD	0.0	1.0	0.0	0.0	0.0	0.0
PAAD	0.0	1.0	0.0	0.0	0.0	0.0
PAAD	0.0	1.0	0.0	0.0	0.0	0.0
PAAD	0.0	1.0	0.0	0.0	0.0	0.0
PAAD	0.0	1.0	0.0	0.0	0.0	0.0
PAAD	0.0					
PAAD	1898.0	1.0	0.0	0.0	0.0	0.0
PAAD	2491.0	1.0	0.0	0.0	0.0	0.0
PAAD	5150.0	1.0	0.0	0.0	0.0	0.0
PAAD	971.0	1.0	0.0	0.0	0.0	0.0
PAAD	0.0	1.0	0.0	0.0	0.0	0.0
PAAD	0.0	1.0	0.0	0.0	0.0	0.0
PAAD	0.0	1.0	0.0	0.0	0.0	0.0
PAAD	0.0	1.0	0.0	0.0	0.0	0.0
PAAD	0.0	1.0	0.0	0.0	0.0	0.0
PAAD	0.0	1.0	0.0	0.0	0.0	0.0
PAAD	0.0	1.0	0.0	0.0	0.0	0.0
PAAD	0.0	1.0	0.0	0.0	0.0	0.0
PAAD	0.0	1.0	0.0	0.0	0.0	0.0
PAAD	0.0	1.0	0.0	0.0	0.0	0.0
PAAD	0.0	1.0	0.0	0.0	0.0	0.0
PAAD	0.0	1.0	0.0	0.0	0.0	0.0
PAAD	0.0	1.0	0.0	0.0	0.0	0.0
PAAD	0.0	1.0	0.0	0.0	0.0	0.0
PAAD	0.0	1.0	0.0	0.0	0.0	0.0
PAAD	0.0	1.0	0.0	0.0	0.0	0.0
PAAD	0.0	1.0	0.0	0.0	0.0	0.0
PAAD	0.0	1.0	0.0	0.0	0.0	0.0
PAAD	0.0	1.0	0.0	0.0	0.0	0.0
PAAD	0.0	1.0	0.0	0.0	0.0	0.0
PAAD	0.0	1.0	0.0	0.0	0.0	0.0
PAAD	0.0	1.0	0.0	0.0	0.0	0.0
PAAD	0.0					
PAAD	0.0	1.0	0.0	0.0	0.0	0.0
PAAD	0.0	1.0	0.0	0.0	0.0	0.0
PAAD	0.0	1.0	0.0	0.0	0.0	0.0
PAAD	0.0	1.0	0.0	0.0	0.0	0.0
PAAD	0.0	1.0	0.0	0.0	0.0	0.0
PAAD	0.0	1.0	0.0	0.0	0.0	0.0
PAAD	0.0	1.0	0.0	0.0	0.0	0.0
PAAD	0.0	1.0	0.0	0.0	0.0	0.0
PAAD	0.0	1.0	0.0	0.0	0.0	0.0
PAAD	0.0	1.0	0.0	0.0	0.0	0.0
PAAD	0.0	1.0	0.0	0.0	0.0	0.0
PAAD	0.0	1.0	0.0	0.0	0.0	0.0
PAAD	0.0	1.0	0.0	0.0	0.0	0.0
PAAD	0.0	1.0	0.0	0.0	0.0	0.0
PAAD	0.0	1.0	0.0	0.0	0.0	0.0
PAAD	0.0	1.0	0.0	0.0	0.0	0.0
PAAD	0.0	1.0	0.0	0.0	0.0	0.0
PAAD	0.0	1.0	0.0	0.0	0.0	0.0
PAAD	0.0	1.0	0.0	0.0	0.0	0.0
PAAD	0.0	1.0	0.0	0.0	0.0	0.0
PAAD	0.0					
PAAD	394.0	1.0	0.0	0.0	0.0	0.0
PAAD	204.0	1.0	0.0	0.0	0.0	0.0
PAAD	1373.0	1.0	0.0	0.0	0.0	0.0
PAAD	265.0	1.0	0.0	0.0	0.0	0.0
PAAD	0.0	1.0	0.0	0.0	0.0	0.0
PAAD	0.0	1.0	0.0	0.0	0.0	0.0
PAAD	0.0	1.0	0.0	0.0	0.0	0.0
PAAD	0.0	1.0	0.0	0.0	0.0	0.0
PAAD	0.0	1.0	0.0	0.0	0.0	0.0
PAAD	0.0	1.0	0.0	0.0	0.0	0.0
PAAD	0.0	1.0	0.0	0.0	0.0	0.0
PAAD	0.0	1.0	0.0	0.0	0.0	0.0
PAAD	0.0	1.0	0.0	0.0	0.0	0.0
PAAD	0.0	1.0	0.0	0.0	0.0	0.0
PAAD	0.0	1.0	0.0	0.0	0.0	0.0
PAAD	0.0	1.0	0.0	0.0	0.0	0.0
PAAD	0.0	1.0	0.0	0.0	0.0	0.0
PAAD	0.0	1.0	0.0	0.0	0.0	0.0
PAAD	0.0	1.0	0.0	0.0	0.0	0.0
PAAD	0.0	1.0	0.0	0.0	0.0	0.0
PAAD	0.0	1.0	0.0	0.0	0.0	0.0
PAAD	0.0	1.0	0.0	0.0	0.0	0.0
PAAD	0.0	1.0	0.0	0.0	0.0	0.0
PAAD	0.0	1.0	0.0	0.0	0.0	0.0
PAAD	0.0	1.0	0.0	0.0	0.0	0.0
PAAD	0.0	1.0	0.0	0.0	0.0	0.0
PAAD	0.0	1.0	0.0	0.0	0.0	0.0
PAAD	0.0	1.0	0.0	0.0	0.0	0.0
PAAD	0.0	1.0	0.0	0.0	0.0	0.0
PAAD	0.0	1.0	0.0	0.0	0.0	0.0
PAAD	0.0	1.0	0.0	0.0	0.0	0.0
PAAD	0.0	1.0	0.0	0.0	0.0	0.0
PAAD	0.0	1.0	0.0	0.0	0.0	0.0
PAAD	0.0					
PAAD	0.0	1.0	0.0	0.0	0.0	0.0
PAAD	0.0	1.0	0.0	0.0	0.0	0.0
PAAD	0.0	1.0	0.0	0.0	0.0	0.0
PAAD	0.0	1.0	0.0	0.0	0.0	0.0
PAAD	0.0	1.0	0.0	0.0	0.0	0.0
PAAD	0.0	1.0	0.0	0.0	0.0	0.0
PAAD	0.0	1.0	0.0	0.0	0.0	0.0
PAAD	0.0	1.0	0.0	0.0	0.0	0.0
PAAD	0.0	1.0	0.0	0.0	0.0	0.0
PAAD	0.0	1.0	0.0	0.0	0.0	0.0
PAAD	0.0	1.0	0.0	0.0	0.0	0.0
PAAD	0.0					
PAAD	0.0	1.0	0.0	0.0	0.0	0.0
PAAD	0.0	1.0	0.0	0.0	0.0	0.0
PAAD	2178.0	1.0	0.0	0.0	0.0	0.0
PAAD	2403.0	1.0	0.0	0.0	0.0	0.0
PAAD	4179.0	1.0	0.0	0.0	0.0	0.0
PAAD	1065.0	1.0	0.0	0.0	0.0	0.0
PAAD	0.0					
PAAD	0.0	1.0	0.0	0.0	0.0	0.0
PAAD	0.0	1.0	0.0	0.0	0.0	0.0
PAAD	0.0	1.0	0.0	0.0	0.0	0.0
PAAD	0.0	1.0	0.0	0.0	0.0	0.0
PAAD	0.0	1.0	0.0	0.0	0.0	0.0
PAAD	0.0	1.0	0.0	0.0	0.0	0.0
PAAD	0.0	1.0	0.0	0.0	0.0	0.0
PAAD	0.0	1.0	0.0	0.0	0.0	0.0
PAAD	0.0	1.0	0.0	0.0	0.0	0.0
PAAD	0.0	1.0	0.0	0.0	0.0	0.0
PAAD	0.0	1.0	0.0	0.0	0.0	0.0
PAAD	0.0	1.0	0.0	0.0	0.0	0.0
PAAD	0.0	1.0	0.0	0.0	0.0	0.0
PAAD	0.0	1.0	0.0	0.0	0.0	0.0
PAAD	0.0	1.0	0.0	0.0	0.0	0.0
PAAD	0.0	1.0	0.0	0.0	0.0	0.0
PAAD	0.0	1.0	0.0	0.0	0.0	0.0
PAAD	0.0	1.0	0.0	0.0	0.0	0.0
PAAD	0.0	1.0	0.0	0.0	0.0	0.0
PAAD	0.0	1.0	0.0	0.0	0.0	0.0
PAAD	0.0	1.0	0.0	0.0	0.0	0.0
PAAD	0.0	1.0	0.0	0.0	0.0	0.0
PAAD	0.0	1.0	0.0	0.0	0.0	0.0
PAAD	0.0	1.0	0.0	0.0	0.0	0.0
PAAD	0.0	1.0	0.0	0.0	0.0	0.0
PAAD	0.0	1.0	0.0	0.0	0.0	0.0
PAAD	0.0	1.0	0.0	0.0	0.0	0.0
PAAD	0.0	1.0	0.0	0.0	0.0	0.0
PAAD	0.0	1.0	0.0	0.0	0.0	0.0
PAAD	0.0	1.0	0.0	0.0	0.0	0.0
PAAD	0.0	1.0	0.0	0.0	0.0	0.0
PAAD	0.0	1.0	0.0	0.0	0.0	0.0
PAAD	0.0	1.0	0.0	0.0	0.0	0.0
PAAD	0.0	1.0	0.0	0.0	0.0	0.0
PAAD	0.0	1.0	0.0	0.0	0.0	0.0
PAAD	0.0	1.0	0.0	0.0	0.0	0.0
PAAD	0.0	1.0	0.0	0.0	0.0	0.0
PAAD	0.0	1.0	0.0	0.0	0.0	0.0
PAAD	0.0					
PCPG	0.0	1.0	0.0	0.0	0.0	0.0
PCPG	0.0	1.0	0.0	0.0	0.0	0.0
PCPG	0.0	1.0	0.0	0.0	0.0	0.0
PCPG	0.0	1.0	0.0	0.0	0.0	0.0
PCPG	2002.0	1.0	0.0	0.0	0.0	0.0
PCPG	1325.0	1.0	0.0	0.0	0.0	0.0
PCPG	3314.0	1.0	0.0	0.0	0.0	0.0
PCPG	2307.0	1.0	0.0	0.0	0.0	0.0
PCPG	0.0	1.0	0.0	0.0	0.0	0.0
PCPG	0.0					
PCPG	0.0	1.0	0.0	0.0	0.0	0.0
PCPG	0.0	1.0	0.0	0.0	0.0	0.0
PCPG	0.0	1.0	0.0	0.0	0.0	0.0
PCPG	0.0	1.0	0.0	0.0	0.0	0.0
PCPG	0.0	1.0	0.0	0.0	0.0	0.0
PCPG	0.0	1.0	0.0	0.0	0.0	0.0
PCPG	0.0	1.0	0.0	0.0	0.0	0.0
PCPG	0.0	1.0	0.0	0.0	0.0	0.0
PCPG	0.0	1.0	0.0	0.0	0.0	0.0
PCPG	0.0	1.0	0.0	0.0	0.0	0.0
PCPG	0.0	1.0	0.0	0.0	0.0	0.0
PCPG	0.0	1.0	0.0	0.0	0.0	0.0
PCPG	0.0	1.0	0.0	0.0	0.0	0.0
PCPG	0.0	1.0	0.0	0.0	0.0	0.0
PCPG	0.0	1.0	0.0	0.0	0.0	0.0
PCPG	0.0	1.0	0.0	0.0	0.0	0.0
PCPG	0.0	1.0	0.0	0.0	0.0	0.0
PCPG	0.0	1.0	0.0	0.0	0.0	0.0
PCPG	0.0	1.0	0.0	0.0	0.0	0.0
PCPG	0.0	1.0	0.0	0.0	0.0	0.0
PCPG	0.0	1.0	0.0	0.0	0.0	0.0
PCPG	0.0	1.0	0.0	0.0	0.0	0.0
PCPG	0.0	1.0	0.0	0.0	0.0	0.0
PCPG	0.0	1.0	0.0	0.0	0.0	0.0
PCPG	0.0	1.0	0.0	0.0	0.0	0.0
PCPG	0.0	1.0	0.0	0.0	0.0	0.0
PCPG	0.0	1.0	0.0	0.0	0.0	0.0
PCPG	0.0					
PCPG	0.0	1.0	0.0	0.0	0.0	0.0
PCPG	0.0	1.0	0.0	0.0	0.0	0.0
PCPG	0.0	1.0	0.0	0.0	0.0	0.0
PCPG	0.0	1.0	0.0	0.0	0.0	0.0
PCPG	0.0	1.0	0.0	0.0	0.0	0.0
PCPG	0.0	1.0	0.0	0.0	0.0	0.0
PCPG	0.0	1.0	0.0	0.0	0.0	0.0
PCPG	0.0	1.0	0.0	0.0	0.0	0.0
PCPG	0.0	1.0	0.0	0.0	0.0	0.0
PCPG	0.0	1.0	0.0	0.0	0.0	0.0
PCPG	0.0	1.0	0.0	0.0	0.0	0.0
PCPG	0.0	1.0	0.0	0.0	0.0	0.0
PCPG	0.0	1.0	0.0	0.0	0.0	0.0
PCPG	0.0					
PCPG	1898.0	1.0	0.0	0.0	0.0	0.0
PCPG	2491.0	1.0	0.0	0.0	0.0	0.0
PCPG	5150.0	1.0	0.0	0.0	0.0	0.0
PCPG	971.0	1.0	0.0	0.0	0.0	0.0
PCPG	0.0	1.0	0.0	0.0	0.0	0.0
PCPG	0.0	1.0	0.0	0.0	0.0	0.0
PCPG	0.0	1.0	0.0	0.0	0.0	0.0
PCPG	0.0	1.0	0.0	0.0	0.0	0.0
PCPG	0.0	1.0	0.0	0.0	0.0	0.0
PCPG	0.0	1.0	0.0	0.0	0.0	0.0
PCPG	0.0	1.0	0.0	0.0	0.0	0.0
PCPG	0.0	1.0	0.0	0.0	0.0	0.0
PCPG	0.0	1.0	0.0	0.0	0.0	0.0
PCPG	0.0	1.0	0.0	0.0	0.0	0.0
PCPG	0.0	1.0	0.0	0.0	0.0	0.0
PCPG	0.0	1.0	0.0	0.0	0.0	0.0
PCPG	0.0	1.0	0.0	0.0	0.0	0.0
PCPG	0.0	1.0	0.0	0.0	0.0	0.0
PCPG	0.0	1.0	0.0	0.0	0.0	0.0
PCPG	0.0	1.0	0.0	0.0	0.0	0.0
PCPG	0.0	1.0	0.0	0.0	0.0	0.0
PCPG	0.0	1.0	0.0	0.0	0.0	0.0
PCPG	0.0	1.0	0.0	0.0	0.0	0.0
PCPG	0.0	1.0	0.0	0.0	0.0	0.0
PCPG	0.0	1.0	0.0	0.0	0.0	0.0
PCPG	0.0	1.0	0.0	0.0	0.0	0.0
PCPG	0.0					
PCPG	0.0	1.0	0.0	0.0	0.0	0.0
PCPG	0.0	1.0	0.0	0.0	0.0	0.0
PCPG	0.0	1.0	0.0	0.0	0.0	0.0
PCPG	0.0	1.0	0.0	0.0	0.0	0.0
PCPG	0.0	1.0	0.0	0.0	0.0	0.0
PCPG	0.0	1.0	0.0	0.0	0.0	0.0
PCPG	0.0	1.0	0.0	0.0	0.0	0.0
PCPG	0.0	1.0	0.0	0.0	0.0	0.0
PCPG	0.0	1.0	0.0	0.0	0.0	0.0
PCPG	0.0	1.0	0.0	0.0	0.0	0.0
PCPG	0.0	1.0	0.0	0.0	0.0	0.0
PCPG	0.0	1.0	0.0	0.0	0.0	0.0
PCPG	0.0	1.0	0.0	0.0	0.0	0.0
PCPG	0.0	1.0	0.0	0.0	0.0	0.0
PCPG	0.0	1.0	0.0	0.0	0.0	0.0
PCPG	0.0	1.0	0.0	0.0	0.0	0.0
PCPG	0.0	1.0	0.0	0.0	0.0	0.0
PCPG	0.0	1.0	0.0	0.0	0.0	0.0
PCPG	0.0	1.0	0.0	0.0	0.0	0.0
PCPG	0.0	1.0	0.0	0.0	0.0	0.0
PCPG	0.0					
PCPG	394.0	1.0	0.0	0.0	0.0	0.0
PCPG	204.0	1.0	0.0	0.0	0.0	0.0
PCPG	1373.0	1.0	0.0	0.0	0.0	0.0
PCPG	265.0	1.0	0.0	0.0	0.0	0.0
PCPG	0.0	1.0	0.0	0.0	0.0	0.0
PCPG	0.0	1.0	0.0	0.0	0.0	0.0
PCPG	0.0	1.0	0.0	0.0	0.0	0.0
PCPG	0.0	1.0	0.0	0.0	0.0	0.0
PCPG	0.0	1.0	0.0	0.0	0.0	0.0
PCPG	0.0	1.0	0.0	0.0	0.0	0.0
PCPG	0.0	1.0	0.0	0.0	0.0	0.0
PCPG	0.0	1.0	0.0	0.0	0.0	0.0
PCPG	0.0	1.0	0.0	0.0	0.0	0.0
PCPG	0.0	1.0	0.0	0.0	0.0	0.0
PCPG	0.0	1.0	0.0	0.0	0.0	0.0
PCPG	0.0	1.0	0.0	0.0	0.0	0.0
PCPG	0.0	1.0	0.0	0.0	0.0	0.0
PCPG	0.0	1.0	0.0	0.0	0.0	0.0
PCPG	0.0	1.0	0.0	0.0	0.0	0.0
PCPG	0.0	1.0	0.0	0.0	0.0	0.0
PCPG	0.0	1.0	0.0	0.0	0.0	0.0
PCPG	0.0	1.0	0.0	0.0	0.0	0.0
PCPG	0.0	1.0	0.0	0.0	0.0	0.0
PCPG	0.0	1.0	0.0	0.0	0.0	0.0
PCPG	0.0	1.0	0.0	0.0	0.0	0.0
PCPG	0.0	1.0	0.0	0.0	0.0	0.0
PCPG	0.0	1.0	0.0	0.0	0.0	0.0
PCPG	0.0	1.0	0.0	0.0	0.0	0.0
PCPG	0.0	1.0	0.0	0.0	0.0	0.0
PCPG	0.0	1.0	0.0	0.0	0.0	0.0
PCPG	0.0	1.0	0.0	0.0	0.0	0.0
PCPG	0.0	1.0	0.0	0.0	0.0	0.0
PCPG	0.0	1.0	0.0	0.0	0.0	0.0
PCPG	0.0					
PCPG	0.0	1.0	0.0	0.0	0.0	0.0
PCPG	0.0	1.0	0.0	0.0	0.0	0.0
PCPG	0.0	1.0	0.0	0.0	0.0	0.0
PCPG	0.0	1.0	0.0	0.0	0.0	0.0
PCPG	0.0	1.0	0.0	0.0	0.0	0.0
PCPG	0.0	1.0	0.0	0.0	0.0	0.0
PCPG	0.0	1.0	0.0	0.0	0.0	0.0
PCPG	0.0	1.0	0.0	0.0	0.0	0.0
PCPG	0.0	1.0	0.0	0.0	0.0	0.0
PCPG	0.0	1.0	0.0	0.0	0.0	0.0
PCPG	0.0	1.0	0.0	0.0	0.0	0.0
PCPG	0.0					
PCPG	0.0	1.0	0.0	0.0	0.0	0.0
PCPG	0.0	1.0	0.0	0.0	0.0	0.0
PCPG	2178.0	1.0	0.0	0.0	0.0	0.0
PCPG	2403.0	1.0	0.0	0.0	0.0	0.0
PCPG	4179.0	1.0	0.0	0.0	0.0	0.0
PCPG	1065.0	1.0	0.0	0.0	0.0	0.0
PCPG	0.0					
PCPG	0.0	1.0	0.0	0.0	0.0	0.0
PCPG	0.0	1.0	0.0	0.0	0.0	0.0
PCPG	0.0	1.0	0.0	0.0	0.0	0.0
PCPG	0.0	1.0	0.0	0.0	0.0	0.0
PCPG	0.0	1.0	0.0	0.0	0.0	0.0
PCPG	0.0	1.0	0.0	0.0	0.0	0.0
PCPG	0.0	1.0	0.0	0.0	0.0	0.0
PCPG	0.0	1.0	0.0	0.0	0.0	0.0
PCPG	0.0	1.0	0.0	0.0	0.0	0.0
PCPG	0.0	1.0	0.0	0.0	0.0	0.0
PCPG	0.0	1.0	0.0	0.0	0.0	0.0
PCPG	0.0	1.0	0.0	0.0	0.0	0.0
PCPG	0.0	1.0	0.0	0.0	0.0	0.0
PCPG	0.0	1.0	0.0	0.0	0.0	0.0
PCPG	0.0	1.0	0.0	0.0	0.0	0.0
PCPG	0.0	1.0	0.0	0.0	0.0	0.0
PCPG	0.0	1.0	0.0	0.0	0.0	0.0
PCPG	0.0	1.0	0.0	0.0	0.0	0.0
PCPG	0.0	1.0	0.0	0.0	0.0	0.0
PCPG	0.0	1.0	0.0	0.0	0.0	0.0
PCPG	0.0	1.0	0.0	0.0	0.0	0.0
PCPG	0.0	1.0	0.0	0.0	0.0	0.0
PCPG	0.0	1.0	0.0	0.0	0.0	0.0
PCPG	0.0	1.0	0.0	0.0	0.0	0.0
PCPG	0.0	1.0	0.0	0.0	0.0	0.0
PCPG	0.0	1.0	0.0	0.0	0.0	0.0
PCPG	0.0	1.0	0.0	0.0	0.0	0.0
PCPG	0.0	1.0	0.0	0.0	0.0	0.0
PCPG	0.0	1.0	0.0	0.0	0.0	0.0
PCPG	0.0	1.0	0.0	0.0	0.0	0.0
PCPG	0.0	1.0	0.0	0.0	0.0	0.0
PCPG	0.0	1.0	0.0	0.0	0.0	0.0
PCPG	0.0	1.0	0.0	0.0	0.0	0.0
PCPG	0.0	1.0	0.0	0.0	0.0	0.0
PCPG	0.0	1.0	0.0	0.0	0.0	0.0
PCPG	0.0	1.0	0.0	0.0	0.0	0.0
PCPG	0.0	1.0	0.0	0.0	0.0	0.0
PCPG	0.0	1.0	0.0	0.0	0.0	0.0
PCPG	0.0					
PRAD	0.0	1.0	0.0	0.0	0.0	0.0
PRAD	0.0	1.0	0.0	0.0	0.0	0.0
PRAD	0.0	1.0	0.0	0.0	0.0	0.0
PRAD	0.0	1.0	0.0	0.0	0.0	0.0
PRAD	2002.0	1.0	0.0	0.0	0.0	0.0
PRAD	1325.0	1.0	0.0	0.0	0.0	0.0
PRAD	3314.0	1.0	0.0	0.0	0.0	0.0
PRAD	2307.0	1.0	0.0	0.0	0.0	0.0
PRAD	0.0	1.0	0.0	0.0	0.0	0.0
PRAD	0.0					
PRAD	0.0	1.0	0.0	0.0	0.0	0.0
PRAD	0.0	1.0	0.0	0.0	0.0	0.0
PRAD	0.0	1.0	0.0	0.0	0.0	0.0
PRAD	0.0	1.0	0.0	0.0	0.0	0.0
PRAD	0.0	1.0	0.0	0.0	0.0	0.0
PRAD	0.0	1.0	0.0	0.0	0.0	0.0
PRAD	0.0	1.0	0.0	0.0	0.0	0.0
PRAD	0.0	1.0	0.0	0.0	0.0	0.0
PRAD	0.0	1.0	0.0	0.0	0.0	0.0
PRAD	0.0	1.0	0.0	0.0	0.0	0.0
PRAD	0.0	1.0	0.0	0.0	0.0	0.0
PRAD	0.0	1.0	0.0	0.0	0.0	0.0
PRAD	0.0	1.0	0.0	0.0	0.0	0.0
PRAD	0.0	1.0	0.0	0.0	0.0	0.0
PRAD	0.0	1.0	0.0	0.0	0.0	0.0
PRAD	0.0	1.0	0.0	0.0	0.0	0.0
PRAD	0.0	1.0	0.0	0.0	0.0	0.0
PRAD	0.0	1.0	0.0	0.0	0.0	0.0
PRAD	0.0	1.0	0.0	0.0	0.0	0.0
PRAD	0.0	1.0	0.0	0.0	0.0	0.0
PRAD	0.0	1.0	0.0	0.0	0.0	0.0
PRAD	0.0	1.0	0.0	0.0	0.0	0.0
PRAD	0.0	1.0	0.0	0.0	0.0	0.0
PRAD	0.0	1.0	0.0	0.0	0.0	0.0
PRAD	0.0	1.0	0.0	0.0	0.0	0.0
PRAD	0.0	1.0	0.0	0.0	0.0	0.0
PRAD	0.0	1.0	0.0	0.0	0.0	0.0
PRAD	0.0					
PRAD	0.0	1.0	0.0	0.0	0.0	0.0
PRAD	0.0	1.0	0.0	0.0	0.0	0.0
PRAD	0.0	1.0	0.0	0.0	0.0	0.0
PRAD	0.0	1.0	0.0	0.0	0.0	0.0
PRAD	0.0	1.0	0.0	0.0	0.0	0.0
PRAD	0.0	1.0	0.0	0.0	0.0	0.0
PRAD	0.0	1.0	0.0	0.0	0.0	0.0
PRAD	0.0	1.0	0.0	0.0	0.0	0.0
PRAD	0.0	1.0	0.0	0.0	0.0	0.0
PRAD	0.0	1.0	0.0	0.0	0.0	0.0
PRAD	0.0	1.0	0.0	0.0	0.0	0.0
PRAD	0.0	1.0	0.0	0.0	0.0	0.0
PRAD	0.0	1.0	0.0	0.0	0.0	0.0
PRAD	0.0					
PRAD	1898.0	1.0	0.0	0.0	0.0	0.0
PRAD	2491.0	1.0	0.0	0.0	0.0	0.0
PRAD	5150.0	1.0	0.0	0.0	0.0	0.0
PRAD	971.0	1.0	0.0	0.0	0.0	0.0
PRAD	0.0	1.0	0.0	0.0	0.0	0.0
PRAD	0.0	1.0	0.0	0.0	0.0	0.0
PRAD	0.0	1.0	0.0	0.0	0.0	0.0
PRAD	0.0	1.0	0.0	0.0	0.0	0.0
PRAD	0.0	1.0	0.0	0.0	0.0	0.0
PRAD	0.0	1.0	0.0	0.0	0.0	0.0
PRAD	0.0	1.0	0.0	0.0	0.0	0.0
PRAD	0.0	1.0	0.0	0.0	0.0	0.0
PRAD	0.0	1.0	0.0	0.0	0.0	0.0
PRAD	0.0	1.0	0.0	0.0	0.0	0.0
PRAD	0.0	1.0	0.0	0.0	0.0	0.0
PRAD	0.0	1.0	0.0	0.0	0.0	0.0
PRAD	0.0	1.0	0.0	0.0	0.0	0.0
PRAD	0.0	1.0	0.0	0.0	0.0	0.0
PRAD	0.0	1.0	0.0	0.0	0.0	0.0
PRAD	0.0	1.0	0.0	0.0	0.0	0.0
PRAD	0.0	1.0	0.0	0.0	0.0	0.0
PRAD	0.0	1.0	0.0	0.0	0.0	0.0
PRAD	0.0	1.0	0.0	0.0	0.0	0.0
PRAD	0.0	1.0	0.0	0.0	0.0	0.0
PRAD	0.0	1.0	0.0	0.0	0.0	0.0
PRAD	0.0	1.0	0.0	0.0	0.0	0.0
PRAD	0.0					
PRAD	0.0	1.0	0.0	0.0	0.0	0.0
PRAD	0.0	1.0	0.0	0.0	0.0	0.0
PRAD	0.0	1.0	0.0	0.0	0.0	0.0
PRAD	0.0	1.0	0.0	0.0	0.0	0.0
PRAD	0.0	1.0	0.0	0.0	0.0	0.0
PRAD	0.0	1.0	0.0	0.0	0.0	0.0
PRAD	0.0	1.0	0.0	0.0	0.0	0.0
PRAD	0.0	1.0	0.0	0.0	0.0	0.0
PRAD	0.0	1.0	0.0	0.0	0.0	0.0
PRAD	0.0	1.0	0.0	0.0	0.0	0.0
PRAD	0.0	1.0	0.0	0.0	0.0	0.0
PRAD	0.0	1.0	0.0	0.0	0.0	0.0
PRAD	0.0	1.0	0.0	0.0	0.0	0.0
PRAD	0.0	1.0	0.0	0.0	0.0	0.0
PRAD	0.0	1.0	0.0	0.0	0.0	0.0
PRAD	0.0	1.0	0.0	0.0	0.0	0.0
PRAD	0.0	1.0	0.0	0.0	0.0	0.0
PRAD	0.0	1.0	0.0	0.0	0.0	0.0
PRAD	0.0	1.0	0.0	0.0	0.0	0.0
PRAD	0.0	1.0	0.0	0.0	0.0	0.0
PRAD	0.0					
PRAD	394.0	1.0	0.0	0.0	0.0	0.0
PRAD	204.0	1.0	0.0	0.0	0.0	0.0
PRAD	1373.0	1.0	0.0	0.0	0.0	0.0
PRAD	265.0	1.0	0.0	0.0	0.0	0.0
PRAD	0.0	1.0	0.0	0.0	0.0	0.0
PRAD	0.0	1.0	0.0	0.0	0.0	0.0
PRAD	0.0	1.0	0.0	0.0	0.0	0.0
PRAD	0.0	1.0	0.0	0.0	0.0	0.0
PRAD	0.0	1.0	0.0	0.0	0.0	0.0
PRAD	0.0	1.0	0.0	0.0	0.0	0.0
PRAD	0.0	1.0	0.0	0.0	0.0	0.0
PRAD	0.0	1.0	0.0	0.0	0.0	0.0
PRAD	0.0	1.0	0.0	0.0	0.0	0.0
PRAD	0.0	1.0	0.0	0.0	0.0	0.0
PRAD	0.0	1.0	0.0	0.0	0.0	0.0
PRAD	0.0	1.0	0.0	0.0	0.0	0.0
PRAD	0.0	1.0	0.0	0.0	0.0	0.0
PRAD	0.0	1.0	0.0	0.0	0.0	0.0
PRAD	0.0	1.0	0.0	0.0	0.0	0.0
PRAD	0.0	1.0	0.0	0.0	0.0	0.0
PRAD	0.0	1.0	0.0	0.0	0.0	0.0
PRAD	0.0	1.0	0.0	0.0	0.0	0.0
PRAD	0.0	1.0	0.0	0.0	0.0	0.0
PRAD	0.0	1.0	0.0	0.0	0.0	0.0
PRAD	0.0	1.0	0.0	0.0	0.0	0.0
PRAD	0.0	1.0	0.0	0.0	0.0	0.0
PRAD	0.0	1.0	0.0	0.0	0.0	0.0
PRAD	0.0	1.0	0.0	0.0	0.0	0.0
PRAD	0.0	1.0	0.0	0.0	0.0	0.0
PRAD	0.0	1.0	0.0	0.0	0.0	0.0
PRAD	0.0	1.0	0.0	0.0	0.0	0.0
PRAD	0.0	1.0	0.0	0.0	0.0	0.0
PRAD	0.0	1.0	0.0	0.0	0.0	0.0
PRAD	0.0					
PRAD	0.0	1.0	0.0	0.0	0.0	0.0
PRAD	0.0	1.0	0.0	0.0	0.0	0.0
PRAD	0.0	1.0	0.0	0.0	0.0	0.0
PRAD	0.0	1.0	0.0	0.0	0.0	0.0
PRAD	0.0	1.0	0.0	0.0	0.0	0.0
PRAD	0.0	1.0	0.0	0.0	0.0	0.0
PRAD	0.0	1.0	0.0	0.0	0.0	0.0
PRAD	0.0	1.0	0.0	0.0	0.0	0.0
PRAD	0.0	1.0	0.0	0.0	0.0	0.0
PRAD	0.0	1.0	0.0	0.0	0.0	0.0
PRAD	0.0	1.0	0.0	0.0	0.0	0.0
PRAD	0.0					
PRAD	0.0	1.0	0.0	0.0	0.0	0.0
PRAD	0.0	1.0	0.0	0.0	0.0	0.0
PRAD	2178.0	1.0	0.0	0.0	0.0	0.0
PRAD	2403.0	1.0	0.0	0.0	0.0	0.0
PRAD	4179.0	1.0	0.0	0.0	0.0	0.0
PRAD	1065.0	1.0	0.0	0.0	0.0	0.0
PRAD	0.0					
PRAD	0.0	1.0	0.0	0.0	0.0	0.0
PRAD	0.0	1.0	0.0	0.0	0.0	0.0
PRAD	0.0	1.0	0.0	0.0	0.0	0.0
PRAD	0.0	1.0	0.0	0.0	0.0	0.0
PRAD	0.0	1.0	0.0	0.0	0.0	0.0
PRAD	0.0	1.0	0.0	0.0	0.0	0.0
PRAD	0.0	1.0	0.0	0.0	0.0	0.0
PRAD	0.0	1.0	0.0	0.0	0.0	0.0
PRAD	0.0	1.0	0.0	0.0	0.0	0.0
PRAD	0.0	1.0	0.0	0.0	0.0	0.0
PRAD	0.0	1.0	0.0	0.0	0.0	0.0
PRAD	0.0	1.0	0.0	0.0	0.0	0.0
PRAD	0.0	1.0	0.0	0.0	0.0	0.0
PRAD	0.0	1.0	0.0	0.0	0.0	0.0
PRAD	0.0	1.0	0.0	0.0	0.0	0.0
PRAD	0.0	1.0	0.0	0.0	0.0	0.0
PRAD	0.0	1.0	0.0	0.0	0.0	0.0
PRAD	0.0	1.0	0.0	0.0	0.0	0.0
PRAD	0.0	1.0	0.0	0.0	0.0	0.0
PRAD	0.0	1.0	0.0	0.0	0.0	0.0
PRAD	0.0	1.0	0.0	0.0	0.0	0.0
PRAD	0.0	1.0	0.0	0.0	0.0	0.0
PRAD	0.0	1.0	0.0	0.0	0.0	0.0
PRAD	0.0	1.0	0.0	0.0	0.0	0.0
PRAD	0.0	1.0	0.0	0.0	0.0	0.0
PRAD	0.0	1.0	0.0	0.0	0.0	0.0
PRAD	0.0	1.0	0.0	0.0	0.0	0.0
PRAD	0.0	1.0	0.0	0.0	0.0	0.0
PRAD	0.0	1.0	0.0	0.0	0.0	0.0
PRAD	0.0	1.0	0.0	0.0	0.0	0.0
PRAD	0.0	1.0	0.0	0.0	0.0	0.0
PRAD	0.0	1.0	0.0	0.0	0.0	0.0
PRAD	0.0	1.0	0.0	0.0	0.0	0.0
PRAD	0.0	1.0	0.0	0.0	0.0	0.0
PRAD	0.0	1.0	0.0	0.0	0.0	0.0
PRAD	0.0	1.0	0.0	0.0	0.0	0.0
PRAD	0.0	1.0	0.0	0.0	0.0	0.0
PRAD	0.0	1.0	0.0	0.0	0.0	0.0
PRAD	0.0					
READ	0.0	1.0	0.0	0.0	0.0	0.0
READ	0.0	1.0	0.0	0.0	0.0	0.0
READ	0.0	1.0	0.0	0.0	0.0	0.0
READ	0.0	1.0	0.0	0.0	0.0	0.0
READ	2002.0	1.0	0.0	0.0	0.0	0.0
READ	1325.0	1.0	0.0	0.0	0.0	0.0
READ	3314.0	1.0	0.0	0.0	0.0	0.0
READ	2307.0	1.0	0.0	0.0	0.0	0.0
READ	0.0	1.0	0.0	0.0	0.0	0.0
READ	0.0					
READ	0.0	1.0	0.0	0.0	0.0	0.0
READ	0.0	1.0	0.0	0.0	0.0	0.0
READ	0.0	1.0	0.0	0.0	0.0	0.0
READ	0.0	1.0	0.0	0.0	0.0	0.0
READ	0.0	1.0	0.0	0.0	0.0	0.0
READ	0.0	1.0	0.0	0.0	0.0	0.0
READ	0.0	1.0	0.0	0.0	0.0	0.0
READ	0.0	1.0	0.0	0.0	0.0	0.0
READ	0.0	1.0	0.0	0.0	0.0	0.0
READ	0.0	1.0	0.0	0.0	0.0	0.0
READ	0.0	1.0	0.0	0.0	0.0	0.0
READ	0.0	1.0	0.0	0.0	0.0	0.0
READ	0.0	1.0	0.0	0.0	0.0	0.0
READ	0.0	1.0	0.0	0.0	0.0	0.0
READ	0.0	1.0	0.0	0.0	0.0	0.0
READ	0.0	1.0	0.0	0.0	0.0	0.0
READ	0.0	1.0	0.0	0.0	0.0	0.0
READ	0.0	1.0	0.0	0.0	0.0	0.0
READ	0.0	1.0	0.0	0.0	0.0	0.0
READ	0.0	1.0	0.0	0.0	0.0	0.0
READ	0.0	1.0	0.0	0.0	0.0	0.0
READ	0.0	1.0	0.0	0.0	0.0	0.0
READ	0.0	1.0	0.0	0.0	0.0	0.0
READ	0.0	1.0	0.0	0.0	0.0	0.0
READ	0.0	1.0	0.0	0.0	0.0	0.0
READ	0.0	1.0	0.0	0.0	0.0	0.0
READ	0.0	1.0	0.0	0.0	0.0	0.0
READ	0.0					
READ	0.0	1.0	0.0	0.0	0.0	0.0
READ	0.0	1.0	0.0	0.0	0.0	0.0
READ	0.0	1.0	0.0	0.0	0.0	0.0
READ	0.0	1.0	0.0	0.0	0.0	0.0
READ	0.0	1.0	0.0	0.0	0.0	0.0
READ	0.0	1.0	0.0	0.0	0.0	0.0
READ	0.0	1.0	0.0	0.0	0.0	0.0
READ	0.0	1.0	0.0	0.0	0.0	0.0
READ	0.0	1.0	0.0	0.0	0.0	0.0
READ	0.0	1.0	0.0	0.0	0.0	0.0
READ	0.0	1.0	0.0	0.0	0.0	0.0
READ	0.0	1.0	0.0	0.0	0.0	0.0
READ	0.0	1.0	0.0	0.0	0.0	0.0
READ	0.0					
READ	1898.0	1.0	0.0	0.0	0.0	0.0
READ	2491.0	1.0	0.0	0.0	0.0	0.0
READ	5150.0	1.0	0.0	0.0	0.0	0.0
READ	971.0	1.0	0.0	0.0	0.0	0.0
READ	0.0	1.0	0.0	0.0	0.0	0.0
READ	0.0	1.0	0.0	0.0	0.0	0.0
READ	0.0	1.0	0.0	0.0	0.0	0.0
READ	0.0	1.0	0.0	0.0	0.0	0.0
READ	0.0	1.0	0.0	0.0	0.0	0.0
READ	0.0	1.0	0.0	0.0	0.0	0.0
READ	0.0	1.0	0.0	0.0	0.0	0.0
READ	0.0	1.0	0.0	0.0	0.0	0.0
READ	0.0	1.0	0.0	0.0	0.0	0.0
READ	0.0	1.0	0.0	0.0	0.0	0.0
READ	0.0	1.0	0.0	0.0	0.0	0.0
READ	0.0	1.0	0.0	0.0	0.0	0.0
READ	0.0	1.0	0.0	0.0	0.0	0.0
READ	0.0	1.0	0.0	0.0	0.0	0.0
READ	0.0	1.0	0.0	0.0	0.0	0.0
READ	0.0	1.0	0.0	0.0	0.0	0.0
READ	0.0	1.0	0.0	0.0	0.0	0.0
READ	0.0	1.0	0.0	0.0	0.0	0.0
READ	0.0	1.0	0.0	0.0	0.0	0.0
READ	0.0	1.0	0.0	0.0	0.0	0.0
READ	0.0	1.0	0.0	0.0	0.0	0.0
READ	0.0	1.0	0.0	0.0	0.0	0.0
READ	0.0					
READ	0.0	1.0	0.0	0.0	0.0	0.0
READ	0.0	1.0	0.0	0.0	0.0	0.0
READ	0.0	1.0	0.0	0.0	0.0	0.0
READ	0.0	1.0	0.0	0.0	0.0	0.0
READ	0.0	1.0	0.0	0.0	0.0	0.0
READ	0.0	1.0	0.0	0.0	0.0	0.0
READ	0.0	1.0	0.0	0.0	0.0	0.0
READ	0.0	1.0	0.0	0.0	0.0	0.0
READ	0.0	1.0	0.0	0.0	0.0	0.0
READ	0.0	1.0	0.0	0.0	0.0	0.0
READ	0.0	1.0	0.0	0.0	0.0	0.0
READ	0.0	1.0	0.0	0.0	0.0	0.0
READ	0.0	1.0	0.0	0.0	0.0	0.0
READ	0.0	1.0	0.0	0.0	0.0	0.0
READ	0.0	1.0	0.0	0.0	0.0	0.0
READ	0.0	1.0	0.0	0.0	0.0	0.0
READ	0.0	1.0	0.0	0.0	0.0	0.0
READ	0.0	1.0	0.0	0.0	0.0	0.0
READ	0.0	1.0	0.0	0.0	0.0	0.0
READ	0.0	1.0	0.0	0.0	0.0	0.0
READ	0.0					
READ	394.0	1.0	0.0	0.0	0.0	0.0
READ	204.0	1.0	0.0	0.0	0.0	0.0
READ	1373.0	1.0	0.0	0.0	0.0	0.0
READ	265.0	1.0	0.0	0.0	0.0	0.0
READ	0.0	1.0	0.0	0.0	0.0	0.0
READ	0.0	1.0	0.0	0.0	0.0	0.0
READ	0.0	1.0	0.0	0.0	0.0	0.0
READ	0.0	1.0	0.0	0.0	0.0	0.0
READ	0.0	1.0	0.0	0.0	0.0	0.0
READ	0.0	1.0	0.0	0.0	0.0	0.0
READ	0.0	1.0	0.0	0.0	0.0	0.0
READ	0.0	1.0	0.0	0.0	0.0	0.0
READ	0.0	1.0	0.0	0.0	0.0	0.0
READ	0.0	1.0	0.0	0.0	0.0	0.0
READ	0.0	1.0	0.0	0.0	0.0	0.0
READ	0.0	1.0	0.0	0.0	0.0	0.0
READ	0.0	1.0	0.0	0.0	0.0	0.0
READ	0.0	1.0	0.0	0.0	0.0	0.0
READ	0.0	1.0	0.0	0.0	0.0	0.0
READ	0.0	1.0	0.0	0.0	0.0	0.0
READ	0.0	1.0	0.0	0.0	0.0	0.0
READ	0.0	1.0	0.0	0.0	0.0	0.0
READ	0.0	1.0	0.0	0.0	0.0	0.0
READ	0.0	1.0	0.0	0.0	0.0	0.0
READ	0.0	1.0	0.0	0.0	0.0	0.0
READ	0.0	1.0	0.0	0.0	0.0	0.0
READ	0.0	1.0	0.0	0.0	0.0	0.0
READ	0.0	1.0	0.0	0.0	0.0	0.0
READ	0.0	1.0	0.0	0.0	0.0	0.0
READ	0.0	1.0	0.0	0.0	0.0	0.0
READ	0.0	1.0	0.0	0.0	0.0	0.0
READ	0.0	1.0	0.0	0.0	0.0	0.0
READ	0.0	1.0	0.0	0.0	0.0	0.0
READ	0.0					
READ	0.0	1.0	0.0	0.0	0.0	0.0
READ	0.0	1.0	0.0	0.0	0.0	0.0
READ	0.0	1.0	0.0	0.0	0.0	0.0
READ	0.0	1.0	0.0	0.0	0.0	0.0
READ	0.0	1.0	0.0	0.0	0.0	0.0
READ	0.0	1.0	0.0	0.0	0.0	0.0
READ	0.0	1.0	0.0	0.0	0.0	0.0
READ	0.0	1.0	0.0	0.0	0.0	0.0
READ	0.0	1.0	0.0	0.0	0.0	0.0
READ	0.0	1.0	0.0	0.0	0.0	0.0
READ	0.0	1.0	0.0	0.0	0.0	0.0
READ	0.0					
READ	0.0	1.0	0.0	0.0	0.0	0.0
READ	0.0	1.0	0.0	0.0	0.0	0.0
READ	2178.0	1.0	0.0	0.0	0.0	0.0
READ	2403.0	1.0	0.0	0.0	0.0	0.0
READ	4179.0	1.0	0.0	0.0	0.0	0.0
READ	1065.0	1.0	0.0	0.0	0.0	0.0
READ	0.0					
READ	0.0	1.0	0.0	0.0	0.0	0.0
READ	0.0	1.0	0.0	0.0	0.0	0.0
READ	0.0	1.0	0.0	0.0	0.0	0.0
READ	0.0	1.0	0.0	0.0	0.0	0.0
READ	0.0	1.0	0.0	0.0	0.0	0.0
READ	0.0	1.0	0.0	0.0	0.0	0.0
READ	0.0	1.0	0.0	0.0	0.0	0.0
READ	0.0	1.0	0.0	0.0	0.0	0.0
READ	0.0	1.0	0.0	0.0	0.0	0.0
READ	0.0	1.0	0.0	0.0	0.0	0.0
READ	0.0	1.0	0.0	0.0	0.0	0.0
READ	0.0	1.0	0.0	0.0	0.0	0.0
READ	0.0	1.0	0.0	0.0	0.0	0.0
READ	0.0	1.0	0.0	0.0	0.0	0.0
READ	0.0	1.0	0.0	0.0	0.0	0.0
READ	0.0	1.0	0.0	0.0	0.0	0.0
READ	0.0	1.0	0.0	0.0	0.0	0.0
READ	0.0	1.0	0.0	0.0	0.0	0.0
READ	0.0	1.0	0.0	0.0	0.0	0.0
READ	0.0	1.0	0.0	0.0	0.0	0.0
READ	0.0	1.0	0.0	0.0	0.0	0.0
READ	0.0	1.0	0.0	0.0	0.0	0.0
READ	0.0	1.0	0.0	0.0	0.0	0.0
READ	0.0	1.0	0.0	0.0	0.0	0.0
READ	0.0	1.0	0.0	0.0	0.0	0.0
READ	0.0	1.0	0.0	0.0	0.0	0.0
READ	0.0	1.0	0.0	0.0	0.0	0.0
READ	0.0	1.0	0.0	0.0	0.0	0.0
READ	0.0	1.0	0.0	0.0	0.0	0.0
READ	0.0	1.0	0.0	0.0	0.0	0.0
READ	0.0	1.0	0.0	0.0	0.0	0.0
READ	0.0	1.0	0.0	0.0	0.0	0.0
READ	0.0	1.0	0.0	0.0	0.0	0.0
READ	0.0	1.0	0.0	0.0	0.0	0.0
READ	0.0	1.0	0.0	0.0	0.0	0.0
READ	0.0	1.0	0.0	0.0	0.0	0.0
READ	0.0	1.0	0.0	0.0	0.0	0.0
READ	0.0	1.0	0.0	0.0	0.0	0.0
READ	0.0					
SARC	0.0	1.0	0.0	0.0	0.0	0.0
SARC	0.0	1.0	0.0	0.0	0.0	0.0
SARC	0.0	1.0	0.0	0.0	0.0	0.0
SARC	0.0	1.0	0.0	0.0	0.0	0.0
SARC	2002.0	1.0	0.0	0.0	0.0	0.0
SARC	1325.0	1.0	0.0	0.0	0.0	0.0
SARC	3314.0	1.0	0.0	0.0	0.0	0.0
SARC	2307.0	1.0	0.0	0.0	0.0	0.0
SARC	0.0	1.0	0.0	0.0	0.0	0.0
SARC	0.0					
SARC	0.0	1.0	0.0	0.0	0.0	0.0
SARC	0.0	1.0	0.0	0.0	0.0	0.0
SARC	0.0	1.0	0.0	0.0	0.0	0.0
SARC	0.0	1.0	0.0	0.0	0.0	0.0
SARC	0.0	1.0	0.0	0.0	0.0	0.0
SARC	0.0	1.0	0.0	0.0	0.0	0.0
SARC	0.0	1.0	0.0	0.0	0.0	0.0
SARC	0.0	1.0	0.0	0.0	0.0	0.0
SARC	0.0	1.0	0.0	0.0	0.0	0.0
SARC	0.0	1.0	0.0	0.0	0.0	0.0
SARC	0.0	1.0	0.0	0.0	0.0	0.0
SARC	0.0	1.0	0.0	0.0	0.0	0.0
SARC	0.0	1.0	0.0	0.0	0.0	0.0
SARC	0.0	1.0	0.0	0.0	0.0	0.0
SARC	0.0	1.0	0.0	0.0	0.0	0.0
SARC	0.0	1.0	0.0	0.0	0.0	0.0
SARC	0.0	1.0	0.0	0.0	0.0	0.0
SARC	0.0	1.0	0.0	0.0	0.0	0.0
SARC	0.0	1.0	0.0	0.0	0.0	0.0
SARC	0.0	1.0	0.0	0.0	0.0	0.0
SARC	0.0	1.0	0.0	0.0	0.0	0.0
SARC	0.0	1.0	0.0	0.0	0.0	0.0
SARC	0.0	1.0	0.0	0.0	0.0	0.0
SARC	0.0	1.0	0.0	0.0	0.0	0.0
SARC	0.0	1.0	0.0	0.0	0.0	0.0
SARC	0.0	1.0	0.0	0.0	0.0	0.0
SARC	0.0	1.0	0.0	0.0	0.0	0.0
SARC	0.0					
SARC	0.0	1.0	0.0	0.0	0.0	0.0
SARC	0.0	1.0	0.0	0.0	0.0	0.0
SARC	0.0	1.0	0.0	0.0	0.0	0.0
SARC	0.0	1.0	0.0	0.0	0.0	0.0
SARC	0.0	1.0	0.0	0.0	0.0	0.0
SARC	0.0	1.0	0.0	0.0	0.0	0.0
SARC	0.0	1.0	0.0	0.0	0.0	0.0
SARC	0.0	1.0	0.0	0.0	0.0	0.0
SARC	0.0	1.0	0.0	0.0	0.0	0.0
SARC	0.0	1.0	0.0	0.0	0.0	0.0
SARC	0.0	1.0	0.0	0.0	0.0	0.0
SARC	0.0	1.0	0.0	0.0	0.0	0.0
SARC	0.0	1.0	0.0	0.0	0.0	0.0
SARC	0.0					
SARC	1898.0	1.0	0.0	0.0	0.0	0.0
SARC	2491.0	1.0	0.0	0.0	0.0	0.0
SARC	5150.0	1.0	0.0	0.0	0.0	0.0
SARC	971.0	1.0	0.0	0.0	0.0	0.0
SARC	0.0	1.0	0.0	0.0	0.0	0.0
SARC	0.0	1.0	0.0	0.0	0.0	0.0
SARC	0.0	1.0	0.0	0.0	0.0	0.0
SARC	0.0	1.0	0.0	0.0	0.0	0.0
SARC	0.0	1.0	0.0	0.0	0.0	0.0
SARC	0.0	1.0	0.0	0.0	0.0	0.0
SARC	0.0	1.0	0.0	0.0	0.0	0.0
SARC	0.0	1.0	0.0	0.0	0.0	0.0
SARC	0.0	1.0	0.0	0.0	0.0	0.0
SARC	0.0	1.0	0.0	0.0	0.0	0.0
SARC	0.0	1.0	0.0	0.0	0.0	0.0
SARC	0.0	1.0	0.0	0.0	0.0	0.0
SARC	0.0	1.0	0.0	0.0	0.0	0.0
SARC	0.0	1.0	0.0	0.0	0.0	0.0
SARC	0.0	1.0	0.0	0.0	0.0	0.0
SARC	0.0	1.0	0.0	0.0	0.0	0.0
SARC	0.0	1.0	0.0	0.0	0.0	0.0
SARC	0.0	1.0	0.0	0.0	0.0	0.0
SARC	0.0	1.0	0.0	0.0	0.0	0.0
SARC	0.0	1.0	0.0	0.0	0.0	0.0
SARC	0.0	1.0	0.0	0.0	0.0	0.0
SARC	0.0	1.0	0.0	0.0	0.0	0.0
SARC	0.0					
SARC	0.0	1.0	0.0	0.0	0.0	0.0
SARC	0.0	1.0	0.0	0.0	0.0	0.0
SARC	0.0	1.0	0.0	0.0	0.0	0.0
SARC	0.0	1.0	0.0	0.0	0.0	0.0
SARC	0.0	1.0	0.0	0.0	0.0	0.0
SARC	0.0	1.0	0.0	0.0	0.0	0.0
SARC	0.0	1.0	0.0	0.0	0.0	0.0
SARC	0.0	1.0	0.0	0.0	0.0	0.0
SARC	0.0	1.0	0.0	0.0	0.0	0.0
SARC	0.0	1.0	0.0	0.0	0.0	0.0
SARC	0.0	1.0	0.0	0.0	0.0	0.0
SARC	0.0	1.0	0.0	0.0	0.0	0.0
SARC	0.0	1.0	0.0	0.0	0.0	0.0
SARC	0.0	1.0	0.0	0.0	0.0	0.0
SARC	0.0	1.0	0.0	0.0	0.0	0.0
SARC	0.0	1.0	0.0	0.0	0.0	0.0
SARC	0.0	1.0	0.0	0.0	0.0	0.0
SARC	0.0	1.0	0.0	0.0	0.0	0.0
SARC	0.0	1.0	0.0	0.0	0.0	0.0
SARC	0.0	1.0	0.0	0.0	0.0	0.0
SARC	0.0					
SARC	394.0	1.0	0.0	0.0	0.0	0.0
SARC	204.0	1.0	0.0	0.0	0.0	0.0
SARC	1373.0	1.0	0.0	0.0	0.0	0.0
SARC	265.0	1.0	0.0	0.0	0.0	0.0
SARC	0.0	1.0	0.0	0.0	0.0	0.0
SARC	0.0	1.0	0.0	0.0	0.0	0.0
SARC	0.0	1.0	0.0	0.0	0.0	0.0
SARC	0.0	1.0	0.0	0.0	0.0	0.0
SARC	0.0	1.0	0.0	0.0	0.0	0.0
SARC	0.0	1.0	0.0	0.0	0.0	0.0
SARC	0.0	1.0	0.0	0.0	0.0	0.0
SARC	0.0	1.0	0.0	0.0	0.0	0.0
SARC	0.0	1.0	0.0	0.0	0.0	0.0
SARC	0.0	1.0	0.0	0.0	0.0	0.0
SARC	0.0	1.0	0.0	0.0	0.0	0.0
SARC	0.0	1.0	0.0	0.0	0.0	0.0
SARC	0.0	1.0	0.0	0.0	0.0	0.0
SARC	0.0	1.0	0.0	0.0	0.0	0.0
SARC	0.0	1.0	0.0	0.0	0.0	0.0
SARC	0.0	1.0	0.0	0.0	0.0	0.0
SARC	0.0	1.0	0.0	0.0	0.0	0.0
SARC	0.0	1.0	0.0	0.0	0.0	0.0
SARC	0.0	1.0	0.0	0.0	0.0	0.0
SARC	0.0	1.0	0.0	0.0	0.0	0.0
SARC	0.0	1.0	0.0	0.0	0.0	0.0
SARC	0.0	1.0	0.0	0.0	0.0	0.0
SARC	0.0	1.0	0.0	0.0	0.0	0.0
SARC	0.0	1.0	0.0	0.0	0.0	0.0
SARC	0.0	1.0	0.0	0.0	0.0	0.0
SARC	0.0	1.0	0.0	0.0	0.0	0.0
SARC	0.0	1.0	0.0	0.0	0.0	0.0
SARC	0.0	1.0	0.0	0.0	0.0	0.0
SARC	0.0	1.0	0.0	0.0	0.0	0.0
SARC	0.0					
SARC	0.0	1.0	0.0	0.0	0.0	0.0
SARC	0.0	1.0	0.0	0.0	0.0	0.0
SARC	0.0	1.0	0.0	0.0	0.0	0.0
SARC	0.0	1.0	0.0	0.0	0.0	0.0
SARC	0.0	1.0	0.0	0.0	0.0	0.0
SARC	0.0	1.0	0.0	0.0	0.0	0.0
SARC	0.0	1.0	0.0	0.0	0.0	0.0
SARC	0.0	1.0	0.0	0.0	0.0	0.0
SARC	0.0	1.0	0.0	0.0	0.0	0.0
SARC	0.0	1.0	0.0	0.0	0.0	0.0
SARC	0.0	1.0	0.0	0.0	0.0	0.0
SARC	0.0					
SARC	0.0	1.0	0.0	0.0	0.0	0.0
SARC	0.0	1.0	0.0	0.0	0.0	0.0
SARC	2178.0	1.0	0.0	0.0	0.0	0.0
SARC	2403.0	1.0	0.0	0.0	0.0	0.0
SARC	4179.0	1.0	0.0	0.0	0.0	0.0
SARC	1065.0	1.0	0.0	0.0	0.0	0.0
SARC	0.0					
SARC	0.0	1.0	0.0	0.0	0.0	0.0
SARC	0.0	1.0	0.0	0.0	0.0	0.0
SARC	0.0	1.0	0.0	0.0	0.0	0.0
SARC	0.0	1.0	0.0	0.0	0.0	0.0
SARC	0.0	1.0	0.0	0.0	0.0	0.0
SARC	0.0	1.0	0.0	0.0	0.0	0.0
SARC	0.0	1.0	0.0	0.0	0.0	0.0
SARC	0.0	1.0	0.0	0.0	0.0	0.0
SARC	0.0	1.0	0.0	0.0	0.0	0.0
SARC	0.0	1.0	0.0	0.0	0.0	0.0
SARC	0.0	1.0	0.0	0.0	0.0	0.0
SARC	0.0	1.0	0.0	0.0	0.0	0.0
SARC	0.0	1.0	0.0	0.0	0.0	0.0
SARC	0.0	1.0	0.0	0.0	0.0	0.0
SARC	0.0	1.0	0.0	0.0	0.0	0.0
SARC	0.0	1.0	0.0	0.0	0.0	0.0
SARC	0.0	1.0	0.0	0.0	0.0	0.0
SARC	0.0	1.0	0.0	0.0	0.0	0.0
SARC	0.0	1.0	0.0	0.0	0.0	0.0
SARC	0.0	1.0	0.0	0.0	0.0	0.0
SARC	0.0	1.0	0.0	0.0	0.0	0.0
SARC	0.0	1.0	0.0	0.0	0.0	0.0
SARC	0.0	1.0	0.0	0.0	0.0	0.0
SARC	0.0	1.0	0.0	0.0	0.0	0.0
SARC	0.0	1.0	0.0	0.0	0.0	0.0
SARC	0.0	1.0	0.0	0.0	0.0	0.0
SARC	0.0	1.0	0.0	0.0	0.0	0.0
SARC	0.0	1.0	0.0	0.0	0.0	0.0
SARC	0.0	1.0	0.0	0.0	0.0	0.0
SARC	0.0	1.0	0.0	0.0	0.0	0.0
SARC	0.0	1.0	0.0	0.0	0.0	0.0
SARC	0.0	1.0	0.0	0.0	0.0	0.0
SARC	0.0	1.0	0.0	0.0	0.0	0.0
SARC	0.0	1.0	0.0	0.0	0.0	0.0
SARC	0.0	1.0	0.0	0.0	0.0	0.0
SARC	0.0	1.0	0.0	0.0	0.0	0.0
SARC	0.0	1.0	0.0	0.0	0.0	0.0
SARC	0.0	1.0	0.0	0.0	0.0	0.0
SARC	0.0					
SKCM	0.0	1.0	0.0	0.0	0.0	0.0
SKCM	0.0	1.0	0.0	0.0	0.0	0.0
SKCM	0.0	1.0	0.0	0.0	0.0	0.0
SKCM	0.0	1.0	0.0	0.0	0.0	0.0
SKCM	2002.0	1.0	0.0	0.0	0.0	0.0
SKCM	1325.0	1.0	0.0	0.0	0.0	0.0
SKCM	3314.0	1.0	0.0	0.0	0.0	0.0
SKCM	2307.0	1.0	0.0	0.0	0.0	0.0
SKCM	0.0	1.0	0.0	0.0	0.0	0.0
SKCM	0.0					
SKCM	0.0	1.0	0.0	0.0	0.0	0.0
SKCM	0.0	1.0	0.0	0.0	0.0	0.0
SKCM	0.0	1.0	0.0	0.0	0.0	0.0
SKCM	0.0	1.0	0.0	0.0	0.0	0.0
SKCM	0.0	1.0	0.0	0.0	0.0	0.0
SKCM	0.0	1.0	0.0	0.0	0.0	0.0
SKCM	0.0	1.0	0.0	0.0	0.0	0.0
SKCM	0.0	1.0	0.0	0.0	0.0	0.0
SKCM	0.0	1.0	0.0	0.0	0.0	0.0
SKCM	0.0	1.0	0.0	0.0	0.0	0.0
SKCM	0.0	1.0	0.0	0.0	0.0	0.0
SKCM	0.0	1.0	0.0	0.0	0.0	0.0
SKCM	0.0	1.0	0.0	0.0	0.0	0.0
SKCM	0.0	1.0	0.0	0.0	0.0	0.0
SKCM	0.0	1.0	0.0	0.0	0.0	0.0
SKCM	0.0	1.0	0.0	0.0	0.0	0.0
SKCM	0.0	1.0	0.0	0.0	0.0	0.0
SKCM	0.0	1.0	0.0	0.0	0.0	0.0
SKCM	0.0	1.0	0.0	0.0	0.0	0.0
SKCM	0.0	1.0	0.0	0.0	0.0	0.0
SKCM	0.0	1.0	0.0	0.0	0.0	0.0
SKCM	0.0	1.0	0.0	0.0	0.0	0.0
SKCM	0.0	1.0	0.0	0.0	0.0	0.0
SKCM	0.0	1.0	0.0	0.0	0.0	0.0
SKCM	0.0	1.0	0.0	0.0	0.0	0.0
SKCM	0.0	1.0	0.0	0.0	0.0	0.0
SKCM	0.0	1.0	0.0	0.0	0.0	0.0
SKCM	0.0					
SKCM	0.0	1.0	0.0	0.0	0.0	0.0
SKCM	0.0	1.0	0.0	0.0	0.0	0.0
SKCM	0.0	1.0	0.0	0.0	0.0	0.0
SKCM	0.0	1.0	0.0	0.0	0.0	0.0
SKCM	0.0	1.0	0.0	0.0	0.0	0.0
SKCM	0.0	1.0	0.0	0.0	0.0	0.0
SKCM	0.0	1.0	0.0	0.0	0.0	0.0
SKCM	0.0	1.0	0.0	0.0	0.0	0.0
SKCM	0.0	1.0	0.0	0.0	0.0	0.0
SKCM	0.0	1.0	0.0	0.0	0.0	0.0
SKCM	0.0	1.0	0.0	0.0	0.0	0.0
SKCM	0.0	1.0	0.0	0.0	0.0	0.0
SKCM	0.0	1.0	0.0	0.0	0.0	0.0
SKCM	0.0					
SKCM	1898.0	1.0	0.0	0.0	0.0	0.0
SKCM	2491.0	1.0	0.0	0.0	0.0	0.0
SKCM	5150.0	1.0	0.0	0.0	0.0	0.0
SKCM	971.0	1.0	0.0	0.0	0.0	0.0
SKCM	0.0	1.0	0.0	0.0	0.0	0.0
SKCM	0.0	1.0	0.0	0.0	0.0	0.0
SKCM	0.0	1.0	0.0	0.0	0.0	0.0
SKCM	0.0	1.0	0.0	0.0	0.0	0.0
SKCM	0.0	1.0	0.0	0.0	0.0	0.0
SKCM	0.0	1.0	0.0	0.0	0.0	0.0
SKCM	0.0	1.0	0.0	0.0	0.0	0.0
SKCM	0.0	1.0	0.0	0.0	0.0	0.0
SKCM	0.0	1.0	0.0	0.0	0.0	0.0
SKCM	0.0	1.0	0.0	0.0	0.0	0.0
SKCM	0.0	1.0	0.0	0.0	0.0	0.0
SKCM	0.0	1.0	0.0	0.0	0.0	0.0
SKCM	0.0	1.0	0.0	0.0	0.0	0.0
SKCM	0.0	1.0	0.0	0.0	0.0	0.0
SKCM	0.0	1.0	0.0	0.0	0.0	0.0
SKCM	0.0	1.0	0.0	0.0	0.0	0.0
SKCM	0.0	1.0	0.0	0.0	0.0	0.0
SKCM	0.0	1.0	0.0	0.0	0.0	0.0
SKCM	0.0	1.0	0.0	0.0	0.0	0.0
SKCM	0.0	1.0	0.0	0.0	0.0	0.0
SKCM	0.0	1.0	0.0	0.0	0.0	0.0
SKCM	0.0	1.0	0.0	0.0	0.0	0.0
SKCM	0.0					
SKCM	0.0	1.0	0.0	0.0	0.0	0.0
SKCM	0.0	1.0	0.0	0.0	0.0	0.0
SKCM	0.0	1.0	0.0	0.0	0.0	0.0
SKCM	0.0	1.0	0.0	0.0	0.0	0.0
SKCM	0.0	1.0	0.0	0.0	0.0	0.0
SKCM	0.0	1.0	0.0	0.0	0.0	0.0
SKCM	0.0	1.0	0.0	0.0	0.0	0.0
SKCM	0.0	1.0	0.0	0.0	0.0	0.0
SKCM	0.0	1.0	0.0	0.0	0.0	0.0
SKCM	0.0	1.0	0.0	0.0	0.0	0.0
SKCM	0.0	1.0	0.0	0.0	0.0	0.0
SKCM	0.0	1.0	0.0	0.0	0.0	0.0
SKCM	0.0	1.0	0.0	0.0	0.0	0.0
SKCM	0.0	1.0	0.0	0.0	0.0	0.0
SKCM	0.0	1.0	0.0	0.0	0.0	0.0
SKCM	0.0	1.0	0.0	0.0	0.0	0.0
SKCM	0.0	1.0	0.0	0.0	0.0	0.0
SKCM	0.0	1.0	0.0	0.0	0.0	0.0
SKCM	0.0	1.0	0.0	0.0	0.0	0.0
SKCM	0.0	1.0	0.0	0.0	0.0	0.0
SKCM	0.0					
SKCM	394.0	1.0	0.0	0.0	0.0	0.0
SKCM	204.0	1.0	0.0	0.0	0.0	0.0
SKCM	1373.0	1.0	0.0	0.0	0.0	0.0
SKCM	265.0	1.0	0.0	0.0	0.0	0.0
SKCM	0.0	1.0	0.0	0.0	0.0	0.0
SKCM	0.0	1.0	0.0	0.0	0.0	0.0
SKCM	0.0	1.0	0.0	0.0	0.0	0.0
SKCM	0.0	1.0	0.0	0.0	0.0	0.0
SKCM	0.0	1.0	0.0	0.0	0.0	0.0
SKCM	0.0	1.0	0.0	0.0	0.0	0.0
SKCM	0.0	1.0	0.0	0.0	0.0	0.0
SKCM	0.0	1.0	0.0	0.0	0.0	0.0
SKCM	0.0	1.0	0.0	0.0	0.0	0.0
SKCM	0.0	1.0	0.0	0.0	0.0	0.0
SKCM	0.0	1.0	0.0	0.0	0.0	0.0
SKCM	0.0	1.0	0.0	0.0	0.0	0.0
SKCM	0.0	1.0	0.0	0.0	0.0	0.0
SKCM	0.0	1.0	0.0	0.0	0.0	0.0
SKCM	0.0	1.0	0.0	0.0	0.0	0.0
SKCM	0.0	1.0	0.0	0.0	0.0	0.0
SKCM	0.0	1.0	0.0	0.0	0.0	0.0
SKCM	0.0	1.0	0.0	0.0	0.0	0.0
SKCM	0.0	1.0	0.0	0.0	0.0	0.0
SKCM	0.0	1.0	0.0	0.0	0.0	0.0
SKCM	0.0	1.0	0.0	0.0	0.0	0.0
SKCM	0.0	1.0	0.0	0.0	0.0	0.0
SKCM	0.0	1.0	0.0	0.0	0.0	0.0
SKCM	0.0	1.0	0.0	0.0	0.0	0.0
SKCM	0.0	1.0	0.0	0.0	0.0	0.0
SKCM	0.0	1.0	0.0	0.0	0.0	0.0
SKCM	0.0	1.0	0.0	0.0	0.0	0.0
SKCM	0.0	1.0	0.0	0.0	0.0	0.0
SKCM	0.0	1.0	0.0	0.0	0.0	0.0
SKCM	0.0					
SKCM	0.0	1.0	0.0	0.0	0.0	0.0
SKCM	0.0	1.0	0.0	0.0	0.0	0.0
SKCM	0.0	1.0	0.0	0.0	0.0	0.0
SKCM	0.0	1.0	0.0	0.0	0.0	0.0
SKCM	0.0	1.0	0.0	0.0	0.0	0.0
SKCM	0.0	1.0	0.0	0.0	0.0	0.0
SKCM	0.0	1.0	0.0	0.0	0.0	0.0
SKCM	0.0	1.0	0.0	0.0	0.0	0.0
SKCM	0.0	1.0	0.0	0.0	0.0	0.0
SKCM	0.0	1.0	0.0	0.0	0.0	0.0
SKCM	0.0	1.0	0.0	0.0	0.0	0.0
SKCM	0.0					
SKCM	0.0	1.0	0.0	0.0	0.0	0.0
SKCM	0.0	1.0	0.0	0.0	0.0	0.0
SKCM	2178.0	1.0	0.0	0.0	0.0	0.0
SKCM	2403.0	1.0	0.0	0.0	0.0	0.0
SKCM	4179.0	1.0	0.0	0.0	0.0	0.0
SKCM	1065.0	1.0	0.0	0.0	0.0	0.0
SKCM	0.0					
SKCM	0.0	1.0	0.0	0.0	0.0	0.0
SKCM	0.0	1.0	0.0	0.0	0.0	0.0
SKCM	0.0	1.0	0.0	0.0	0.0	0.0
SKCM	0.0	1.0	0.0	0.0	0.0	0.0
SKCM	0.0	1.0	0.0	0.0	0.0	0.0
SKCM	0.0	1.0	0.0	0.0	0.0	0.0
SKCM	0.0	1.0	0.0	0.0	0.0	0.0
SKCM	0.0	1.0	0.0	0.0	0.0	0.0
SKCM	0.0	1.0	0.0	0.0	0.0	0.0
SKCM	0.0	1.0	0.0	0.0	0.0	0.0
SKCM	0.0	1.0	0.0	0.0	0.0	0.0
SKCM	0.0	1.0	0.0	0.0	0.0	0.0
SKCM	0.0	1.0	0.0	0.0	0.0	0.0
SKCM	0.0	1.0	0.0	0.0	0.0	0.0
SKCM	0.0	1.0	0.0	0.0	0.0	0.0
SKCM	0.0	1.0	0.0	0.0	0.0	0.0
SKCM	0.0	1.0	0.0	0.0	0.0	0.0
SKCM	0.0	1.0	0.0	0.0	0.0	0.0
SKCM	0.0	1.0	0.0	0.0	0.0	0.0
SKCM	0.0	1.0	0.0	0.0	0.0	0.0
SKCM	0.0	1.0	0.0	0.0	0.0	0.0
SKCM	0.0	1.0	0.0	0.0	0.0	0.0
SKCM	0.0	1.0	0.0	0.0	0.0	0.0
SKCM	0.0	1.0	0.0	0.0	0.0	0.0
SKCM	0.0	1.0	0.0	0.0	0.0	0.0
SKCM	0.0	1.0	0.0	0.0	0.0	0.0
SKCM	0.0	1.0	0.0	0.0	0.0	0.0
SKCM	0.0	1.0	0.0	0.0	0.0	0.0
SKCM	0.0	1.0	0.0	0.0	0.0	0.0
SKCM	0.0	1.0	0.0	0.0	0.0	0.0
SKCM	0.0	1.0	0.0	0.0	0.0	0.0
SKCM	0.0	1.0	0.0	0.0	0.0	0.0
SKCM	0.0	1.0	0.0	0.0	0.0	0.0
SKCM	0.0	1.0	0.0	0.0	0.0	0.0
SKCM	0.0	1.0	0.0	0.0	0.0	0.0
SKCM	0.0	1.0	0.0	0.0	0.0	0.0
SKCM	0.0	1.0	0.0	0.0	0.0	0.0
SKCM	0.0	1.0	0.0	0.0	0.0	0.0
SKCM	0.0					
STAD	0.0	1.0	0.0	0.0	0.0	0.0
STAD	0.0	1.0	0.0	0.0	0.0	0.0
STAD	0.0	1.0	0.0	0.0	0.0	0.0
STAD	0.0	1.0	0.0	0.0	0.0	0.0
STAD	2002.0	1.0	0.0	0.0	0.0	0.0
STAD	1325.0	1.0	0.0	0.0	0.0	0.0
STAD	3314.0	1.0	0.0	0.0	0.0	0.0
STAD	2307.0	1.0	0.0	0.0	0.0	0.0
STAD	0.0	1.0	0.0	0.0	0.0	0.0
STAD	0.0					
STAD	0.0	1.0	0.0	0.0	0.0	0.0
STAD	0.0	1.0	0.0	0.0	0.0	0.0
STAD	0.0	1.0	0.0	0.0	0.0	0.0
STAD	0.0	1.0	0.0	0.0	0.0	0.0
STAD	0.0	1.0	0.0	0.0	0.0	0.0
STAD	0.0	1.0	0.0	0.0	0.0	0.0
STAD	0.0	1.0	0.0	0.0	0.0	0.0
STAD	0.0	1.0	0.0	0.0	0.0	0.0
STAD	0.0	1.0	0.0	0.0	0.0	0.0
STAD	0.0	1.0	0.0	0.0	0.0	0.0
STAD	0.0	1.0	0.0	0.0	0.0	0.0
STAD	0.0	1.0	0.0	0.0	0.0	0.0
STAD	0.0	1.0	0.0	0.0	0.0	0.0
STAD	0.0	1.0	0.0	0.0	0.0	0.0
STAD	0.0	1.0	0.0	0.0	0.0	0.0
STAD	0.0	1.0	0.0	0.0	0.0	0.0
STAD	0.0	1.0	0.0	0.0	0.0	0.0
STAD	0.0	1.0	0.0	0.0	0.0	0.0
STAD	0.0	1.0	0.0	0.0	0.0	0.0
STAD	0.0	1.0	0.0	0.0	0.0	0.0
STAD	0.0	1.0	0.0	0.0	0.0	0.0
STAD	0.0	1.0	0.0	0.0	0.0	0.0
STAD	0.0	1.0	0.0	0.0	0.0	0.0
STAD	0.0	1.0	0.0	0.0	0.0	0.0
STAD	0.0	1.0	0.0	0.0	0.0	0.0
STAD	0.0	1.0	0.0	0.0	0.0	0.0
STAD	0.0	1.0	0.0	0.0	0.0	0.0
STAD	0.0					
STAD	0.0	1.0	0.0	0.0	0.0	0.0
STAD	0.0	1.0	0.0	0.0	0.0	0.0
STAD	0.0	1.0	0.0	0.0	0.0	0.0
STAD	0.0	1.0	0.0	0.0	0.0	0.0
STAD	0.0	1.0	0.0	0.0	0.0	0.0
STAD	0.0	1.0	0.0	0.0	0.0	0.0
STAD	0.0	1.0	0.0	0.0	0.0	0.0
STAD	0.0	1.0	0.0	0.0	0.0	0.0
STAD	0.0	1.0	0.0	0.0	0.0	0.0
STAD	0.0	1.0	0.0	0.0	0.0	0.0
STAD	0.0	1.0	0.0	0.0	0.0	0.0
STAD	0.0	1.0	0.0	0.0	0.0	0.0
STAD	0.0	1.0	0.0	0.0	0.0	0.0
STAD	0.0					
STAD	1898.0	1.0	0.0	0.0	0.0	0.0
STAD	2491.0	1.0	0.0	0.0	0.0	0.0
STAD	5150.0	1.0	0.0	0.0	0.0	0.0
STAD	971.0	1.0	0.0	0.0	0.0	0.0
STAD	0.0	1.0	0.0	0.0	0.0	0.0
STAD	0.0	1.0	0.0	0.0	0.0	0.0
STAD	0.0	1.0	0.0	0.0	0.0	0.0
STAD	0.0	1.0	0.0	0.0	0.0	0.0
STAD	0.0	1.0	0.0	0.0	0.0	0.0
STAD	0.0	1.0	0.0	0.0	0.0	0.0
STAD	0.0	1.0	0.0	0.0	0.0	0.0
STAD	0.0	1.0	0.0	0.0	0.0	0.0
STAD	0.0	1.0	0.0	0.0	0.0	0.0
STAD	0.0	1.0	0.0	0.0	0.0	0.0
STAD	0.0	1.0	0.0	0.0	0.0	0.0
STAD	0.0	1.0	0.0	0.0	0.0	0.0
STAD	0.0	1.0	0.0	0.0	0.0	0.0
STAD	0.0	1.0	0.0	0.0	0.0	0.0
STAD	0.0	1.0	0.0	0.0	0.0	0.0
STAD	0.0	1.0	0.0	0.0	0.0	0.0
STAD	0.0	1.0	0.0	0.0	0.0	0.0
STAD	0.0	1.0	0.0	0.0	0.0	0.0
STAD	0.0	1.0	0.0	0.0	0.0	0.0
STAD	0.0	1.0	0.0	0.0	0.0	0.0
STAD	0.0	1.0	0.0	0.0	0.0	0.0
STAD	0.0	1.0	0.0	0.0	0.0	0.0
STAD	0.0					
STAD	0.0	1.0	0.0	0.0	0.0	0.0
STAD	0.0	1.0	0.0	0.0	0.0	0.0
STAD	0.0	1.0	0.0	0.0	0.0	0.0
STAD	0.0	1.0	0.0	0.0	0.0	0.0
STAD	0.0	1.0	0.0	0.0	0.0	0.0
STAD	0.0	1.0	0.0	0.0	0.0	0.0
STAD	0.0	1.0	0.0	0.0	0.0	0.0
STAD	0.0	1.0	0.0	0.0	0.0	0.0
STAD	0.0	1.0	0.0	0.0	0.0	0.0
STAD	0.0	1.0	0.0	0.0	0.0	0.0
STAD	0.0	1.0	0.0	0.0	0.0	0.0
STAD	0.0	1.0	0.0	0.0	0.0	0.0
STAD	0.0	1.0	0.0	0.0	0.0	0.0
STAD	0.0	1.0	0.0	0.0	0.0	0.0
STAD	0.0	1.0	0.0	0.0	0.0	0.0
STAD	0.0	1.0	0.0	0.0	0.0	0.0
STAD	0.0	1.0	0.0	0.0	0.0	0.0
STAD	0.0	1.0	0.0	0.0	0.0	0.0
STAD	0.0	1.0	0.0	0.0	0.0	0.0
STAD	0.0	1.0	0.0	0.0	0.0	0.0
STAD	0.0					
STAD	394.0	1.0	0.0	0.0	0.0	0.0
STAD	204.0	1.0	0.0	0.0	0.0	0.0
STAD	1373.0	1.0	0.0	0.0	0.0	0.0
STAD	265.0	1.0	0.0	0.0	0.0	0.0
STAD	0.0	1.0	0.0	0.0	0.0	0.0
STAD	0.0	1.0	0.0	0.0	0.0	0.0
STAD	0.0	1.0	0.0	0.0	0.0	0.0
STAD	0.0	1.0	0.0	0.0	0.0	0.0
STAD	0.0	1.0	0.0	0.0	0.0	0.0
STAD	0.0	1.0	0.0	0.0	0.0	0.0
STAD	0.0	1.0	0.0	0.0	0.0	0.0
STAD	0.0	1.0	0.0	0.0	0.0	0.0
STAD	0.0	1.0	0.0	0.0	0.0	0.0
STAD	0.0	1.0	0.0	0.0	0.0	0.0
STAD	0.0	1.0	0.0	0.0	0.0	0.0
STAD	0.0	1.0	0.0	0.0	0.0	0.0
STAD	0.0	1.0	0.0	0.0	0.0	0.0
STAD	0.0	1.0	0.0	0.0	0.0	0.0
STAD	0.0	1.0	0.0	0.0	0.0	0.0
STAD	0.0	1.0	0.0	0.0	0.0	0.0
STAD	0.0	1.0	0.0	0.0	0.0	0.0
STAD	0.0	1.0	0.0	0.0	0.0	0.0
STAD	0.0	1.0	0.0	0.0	0.0	0.0
STAD	0.0	1.0	0.0	0.0	0.0	0.0
STAD	0.0	1.0	0.0	0.0	0.0	0.0
STAD	0.0	1.0	0.0	0.0	0.0	0.0
STAD	0.0	1.0	0.0	0.0	0.0	0.0
STAD	0.0	1.0	0.0	0.0	0.0	0.0
STAD	0.0	1.0	0.0	0.0	0.0	0.0
STAD	0.0	1.0	0.0	0.0	0.0	0.0
STAD	0.0	1.0	0.0	0.0	0.0	0.0
STAD	0.0	1.0	0.0	0.0	0.0	0.0
STAD	0.0	1.0	0.0	0.0	0.0	0.0
STAD	0.0					
STAD	0.0	1.0	0.0	0.0	0.0	0.0
STAD	0.0	1.0	0.0	0.0	0.0	0.0
STAD	0.0	1.0	0.0	0.0	0.0	0.0
STAD	0.0	1.0	0.0	0.0	0.0	0.0
STAD	0.0	1.0	0.0	0.0	0.0	0.0
STAD	0.0	1.0	0.0	0.0	0.0	0.0
STAD	0.0	1.0	0.0	0.0	0.0	0.0
STAD	0.0	1.0	0.0	0.0	0.0	0.0
STAD	0.0	1.0	0.0	0.0	0.0	0.0
STAD	0.0	1.0	0.0	0.0	0.0	0.0
STAD	0.0	1.0	0.0	0.0	0.0	0.0
STAD	0.0					
STAD	0.0	1.0	0.0	0.0	0.0	0.0
STAD	0.0	1.0	0.0	0.0	0.0	0.0
STAD	2178.0	1.0	0.0	0.0	0.0	0.0
STAD	2403.0	1.0	0.0	0.0	0.0	0.0
STAD	4179.0	1.0	0.0	0.0	0.0	0.0
STAD	1065.0	1.0	0.0	0.0	0.0	0.0
STAD	0.0					
STAD	0.0	1.0	0.0	0.0	0.0	0.0
STAD	0.0	1.0	0.0	0.0	0.0	0.0
STAD	0.0	1.0	0.0	0.0	0.0	0.0
STAD	0.0	1.0	0.0	0.0	0.0	0.0
STAD	0.0	1.0	0.0	0.0	0.0	0.0
STAD	0.0	1.0	0.0	0.0	0.0	0.0
STAD	0.0	1.0	0.0	0.0	0.0	0.0
STAD	0.0	1.0	0.0	0.0	0.0	0.0
STAD	0.0	1.0	0.0	0.0	0.0	0.0
STAD	0.0	1.0	0.0	0.0	0.0	0.0
STAD	0.0	1.0	0.0	0.0	0.0	0.0
STAD	0.0	1.0	0.0	0.0	0.0	0.0
STAD	0.0	1.0	0.0	0.0	0.0	0.0
STAD	0.0	1.0	0.0	0.0	0.0	0.0
STAD	0.0	1.0	0.0	0.0	0.0	0.0
STAD	0.0	1.0	0.0	0.0	0.0	0.0
STAD	0.0	1.0	0.0	0.0	0.0	0.0
STAD	0.0	1.0	0.0	0.0	0.0	0.0
STAD	0.0	1.0	0.0	0.0	0.0	0.0
STAD	0.0	1.0	0.0	0.0	0.0	0.0
STAD	0.0	1.0	0.0	0.0	0.0	0.0
STAD	0.0	1.0	0.0	0.0	0.0	0.0
STAD	0.0	1.0	0.0	0.0	0.0	0.0
STAD	0.0	1.0	0.0	0.0	0.0	0.0
STAD	0.0	1.0	0.0	0.0	0.0	0.0
STAD	0.0	1.0	0.0	0.0	0.0	0.0
STAD	0.0	1.0	0.0	0.0	0.0	0.0
STAD	0.0	1.0	0.0	0.0	0.0	0.0
STAD	0.0	1.0	0.0	0.0	0.0	0.0
STAD	0.0	1.0	0.0	0.0	0.0	0.0
STAD	0.0	1.0	0.0	0.0	0.0	0.0
STAD	0.0	1.0	0.0	0.0	0.0	0.0
STAD	0.0	1.0	0.0	0.0	0.0	0.0
STAD	0.0	1.0	0.0	0.0	0.0	0.0
STAD	0.0	1.0	0.0	0.0	0.0	0.0
STAD	0.0	1.0	0.0	0.0	0.0	0.0
STAD	0.0	1.0	0.0	0.0	0.0	0.0
STAD	0.0	1.0	0.0	0.0	0.0	0.0
STAD	0.0					
TGCT	0.0	1.0	0.0	0.0	0.0	0.0
TGCT	0.0	1.0	0.0	0.0	0.0	0.0
TGCT	0.0	1.0	0.0	0.0	0.0	0.0
TGCT	0.0	1.0	0.0	0.0	0.0	0.0
TGCT	2002.0	1.0	0.0	0.0	0.0	0.0
TGCT	1325.0	1.0	0.0	0.0	0.0	0.0
TGCT	3314.0	1.0	0.0	0.0	0.0	0.0
TGCT	2307.0	1.0	0.0	0.0	0.0	0.0
TGCT	0.0	1.0	0.0	0.0	0.0	0.0
TGCT	0.0					
TGCT	0.0	1.0	0.0	0.0	0.0	0.0
TGCT	0.0	1.0	0.0	0.0	0.0	0.0
TGCT	0.0	1.0	0.0	0.0	0.0	0.0
TGCT	0.0	1.0	0.0	0.0	0.0	0.0
TGCT	0.0	1.0	0.0	0.0	0.0	0.0
TGCT	0.0	1.0	0.0	0.0	0.0	0.0
TGCT	0.0	1.0	0.0	0.0	0.0	0.0
TGCT	0.0	1.0	0.0	0.0	0.0	0.0
TGCT	0.0	1.0	0.0	0.0	0.0	0.0
TGCT	0.0	1.0	0.0	0.0	0.0	0.0
TGCT	0.0	1.0	0.0	0.0	0.0	0.0
TGCT	0.0	1.0	0.0	0.0	0.0	0.0
TGCT	0.0	1.0	0.0	0.0	0.0	0.0
TGCT	0.0	1.0	0.0	0.0	0.0	0.0
TGCT	0.0	1.0	0.0	0.0	0.0	0.0
TGCT	0.0	1.0	0.0	0.0	0.0	0.0
TGCT	0.0	1.0	0.0	0.0	0.0	0.0
TGCT	0.0	1.0	0.0	0.0	0.0	0.0
TGCT	0.0	1.0	0.0	0.0	0.0	0.0
TGCT	0.0	1.0	0.0	0.0	0.0	0.0
TGCT	0.0	1.0	0.0	0.0	0.0	0.0
TGCT	0.0	1.0	0.0	0.0	0.0	0.0
TGCT	0.0	1.0	0.0	0.0	0.0	0.0
TGCT	0.0	1.0	0.0	0.0	0.0	0.0
TGCT	0.0	1.0	0.0	0.0	0.0	0.0
TGCT	0.0	1.0	0.0	0.0	0.0	0.0
TGCT	0.0	1.0	0.0	0.0	0.0	0.0
TGCT	0.0					
TGCT	0.0	1.0	0.0	0.0	0.0	0.0
TGCT	0.0	1.0	0.0	0.0	0.0	0.0
TGCT	0.0	1.0	0.0	0.0	0.0	0.0
TGCT	0.0	1.0	0.0	0.0	0.0	0.0
TGCT	0.0	1.0	0.0	0.0	0.0	0.0
TGCT	0.0	1.0	0.0	0.0	0.0	0.0
TGCT	0.0	1.0	0.0	0.0	0.0	0.0
TGCT	0.0	1.0	0.0	0.0	0.0	0.0
TGCT	0.0	1.0	0.0	0.0	0.0	0.0
TGCT	0.0	1.0	0.0	0.0	0.0	0.0
TGCT	0.0	1.0	0.0	0.0	0.0	0.0
TGCT	0.0	1.0	0.0	0.0	0.0	0.0
TGCT	0.0	1.0	0.0	0.0	0.0	0.0
TGCT	0.0					
TGCT	1898.0	1.0	0.0	0.0	0.0	0.0
TGCT	2491.0	1.0	0.0	0.0	0.0	0.0
TGCT	5150.0	1.0	0.0	0.0	0.0	0.0
TGCT	971.0	1.0	0.0	0.0	0.0	0.0
TGCT	0.0	1.0	0.0	0.0	0.0	0.0
TGCT	0.0	1.0	0.0	0.0	0.0	0.0
TGCT	0.0	1.0	0.0	0.0	0.0	0.0
TGCT	0.0	1.0	0.0	0.0	0.0	0.0
TGCT	0.0	1.0	0.0	0.0	0.0	0.0
TGCT	0.0	1.0	0.0	0.0	0.0	0.0
TGCT	0.0	1.0	0.0	0.0	0.0	0.0
TGCT	0.0	1.0	0.0	0.0	0.0	0.0
TGCT	0.0	1.0	0.0	0.0	0.0	0.0
TGCT	0.0	1.0	0.0	0.0	0.0	0.0
TGCT	0.0	1.0	0.0	0.0	0.0	0.0
TGCT	0.0	1.0	0.0	0.0	0.0	0.0
TGCT	0.0	1.0	0.0	0.0	0.0	0.0
TGCT	0.0	1.0	0.0	0.0	0.0	0.0
TGCT	0.0	1.0	0.0	0.0	0.0	0.0
TGCT	0.0	1.0	0.0	0.0	0.0	0.0
TGCT	0.0	1.0	0.0	0.0	0.0	0.0
TGCT	0.0	1.0	0.0	0.0	0.0	0.0
TGCT	0.0	1.0	0.0	0.0	0.0	0.0
TGCT	0.0	1.0	0.0	0.0	0.0	0.0
TGCT	0.0	1.0	0.0	0.0	0.0	0.0
TGCT	0.0	1.0	0.0	0.0	0.0	0.0
TGCT	0.0					
TGCT	0.0	1.0	0.0	0.0	0.0	0.0
TGCT	0.0	1.0	0.0	0.0	0.0	0.0
TGCT	0.0	1.0	0.0	0.0	0.0	0.0
TGCT	0.0	1.0	0.0	0.0	0.0	0.0
TGCT	0.0	1.0	0.0	0.0	0.0	0.0
TGCT	0.0	1.0	0.0	0.0	0.0	0.0
TGCT	0.0	1.0	0.0	0.0	0.0	0.0
TGCT	0.0	1.0	0.0	0.0	0.0	0.0
TGCT	0.0	1.0	0.0	0.0	0.0	0.0
TGCT	0.0	1.0	0.0	0.0	0.0	0.0
TGCT	0.0	1.0	0.0	0.0	0.0	0.0
TGCT	0.0	1.0	0.0	0.0	0.0	0.0
TGCT	0.0	1.0	0.0	0.0	0.0	0.0
TGCT	0.0	1.0	0.0	0.0	0.0	0.0
TGCT	0.0	1.0	0.0	0.0	0.0	0.0
TGCT	0.0	1.0	0.0	0.0	0.0	0.0
TGCT	0.0	1.0	0.0	0.0	0.0	0.0
TGCT	0.0	1.0	0.0	0.0	0.0	0.0
TGCT	0.0	1.0	0.0	0.0	0.0	0.0
TGCT	0.0	1.0	0.0	0.0	0.0	0.0
TGCT	0.0					
TGCT	394.0	1.0	0.0	0.0	0.0	0.0
TGCT	204.0	1.0	0.0	0.0	0.0	0.0
TGCT	1373.0	1.0	0.0	0.0	0.0	0.0
TGCT	265.0	1.0	0.0	0.0	0.0	0.0
TGCT	0.0	1.0	0.0	0.0	0.0	0.0
TGCT	0.0	1.0	0.0	0.0	0.0	0.0
TGCT	0.0	1.0	0.0	0.0	0.0	0.0
TGCT	0.0	1.0	0.0	0.0	0.0	0.0
TGCT	0.0	1.0	0.0	0.0	0.0	0.0
TGCT	0.0	1.0	0.0	0.0	0.0	0.0
TGCT	0.0	1.0	0.0	0.0	0.0	0.0
TGCT	0.0	1.0	0.0	0.0	0.0	0.0
TGCT	0.0	1.0	0.0	0.0	0.0	0.0
TGCT	0.0	1.0	0.0	0.0	0.0	0.0
TGCT	0.0	1.0	0.0	0.0	0.0	0.0
TGCT	0.0	1.0	0.0	0.0	0.0	0.0
TGCT	0.0	1.0	0.0	0.0	0.0	0.0
TGCT	0.0	1.0	0.0	0.0	0.0	0.0
TGCT	0.0	1.0	0.0	0.0	0.0	0.0
TGCT	0.0	1.0	0.0	0.0	0.0	0.0
TGCT	0.0	1.0	0.0	0.0	0.0	0.0
TGCT	0.0	1.0	0.0	0.0	0.0	0.0
TGCT	0.0	1.0	0.0	0.0	0.0	0.0
TGCT	0.0	1.0	0.0	0.0	0.0	0.0
TGCT	0.0	1.0	0.0	0.0	0.0	0.0
TGCT	0.0	1.0	0.0	0.0	0.0	0.0
TGCT	0.0	1.0	0.0	0.0	0.0	0.0
TGCT	0.0	1.0	0.0	0.0	0.0	0.0
TGCT	0.0	1.0	0.0	0.0	0.0	0.0
TGCT	0.0	1.0	0.0	0.0	0.0	0.0
TGCT	0.0	1.0	0.0	0.0	0.0	0.0
TGCT	0.0	1.0	0.0	0.0	0.0	0.0
TGCT	0.0	1.0	0.0	0.0	0.0	0.0
TGCT	0.0					
TGCT	0.0	1.0	0.0	0.0	0.0	0.0
TGCT	0.0	1.0	0.0	0.0	0.0	0.0
TGCT	0.0	1.0	0.0	0.0	0.0	0.0
TGCT	0.0	1.0	0.0	0.0	0.0	0.0
TGCT	0.0	1.0	0.0	0.0	0.0	0.0
TGCT	0.0	1.0	0.0	0.0	0.0	0.0
TGCT	0.0	1.0	0.0	0.0	0.0	0.0
TGCT	0.0	1.0	0.0	0.0	0.0	0.0
TGCT	0.0	1.0	0.0	0.0	0.0	0.0
TGCT	0.0	1.0	0.0	0.0	0.0	0.0
TGCT	0.0	1.0	0.0	0.0	0.0	0.0
TGCT	0.0					
TGCT	0.0	1.0	0.0	0.0	0.0	0.0
TGCT	0.0	1.0	0.0	0.0	0.0	0.0
TGCT	2178.0	1.0	0.0	0.0	0.0	0.0
TGCT	2403.0	1.0	0.0	0.0	0.0	0.0
TGCT	4179.0	1.0	0.0	0.0	0.0	0.0
TGCT	1065.0	1.0	0.0	0.0	0.0	0.0
TGCT	0.0					
TGCT	0.0	1.0	0.0	0.0	0.0	0.0
TGCT	0.0	1.0	0.0	0.0	0.0	0.0
TGCT	0.0	1.0	0.0	0.0	0.0	0.0
TGCT	0.0	1.0	0.0	0.0	0.0	0.0
TGCT	0.0	1.0	0.0	0.0	0.0	0.0
TGCT	0.0	1.0	0.0	0.0	0.0	0.0
TGCT	0.0	1.0	0.0	0.0	0.0	0.0
TGCT	0.0	1.0	0.0	0.0	0.0	0.0
TGCT	0.0	1.0	0.0	0.0	0.0	0.0
TGCT	0.0	1.0	0.0	0.0	0.0	0.0
TGCT	0.0	1.0	0.0	0.0	0.0	0.0
TGCT	0.0	1.0	0.0	0.0	0.0	0.0
TGCT	0.0	1.0	0.0	0.0	0.0	0.0
TGCT	0.0	1.0	0.0	0.0	0.0	0.0
TGCT	0.0	1.0	0.0	0.0	0.0	0.0
TGCT	0.0	1.0	0.0	0.0	0.0	0.0
TGCT	0.0	1.0	0.0	0.0	0.0	0.0
TGCT	0.0	1.0	0.0	0.0	0.0	0.0
TGCT	0.0	1.0	0.0	0.0	0.0	0.0
TGCT	0.0	1.0	0.0	0.0	0.0	0.0
TGCT	0.0	1.0	0.0	0.0	0.0	0.0
TGCT	0.0	1.0	0.0	0.0	0.0	0.0
TGCT	0.0	1.0	0.0	0.0	0.0	0.0
TGCT	0.0	1.0	0.0	0.0	0.0	0.0
TGCT	0.0	1.0	0.0	0.0	0.0	0.0
TGCT	0.0	1.0	0.0	0.0	0.0	0.0
TGCT	0.0	1.0	0.0	0.0	0.0	0.0
TGCT	0.0	1.0	0.0	0.0	0.0	0.0
TGCT	0.0	1.0	0.0	0.0	0.0	0.0
TGCT	0.0	1.0	0.0	0.0	0.0	0.0
TGCT	0.0	1.0	0.0	0.0	0.0	0.0
TGCT	0.0	1.0	0.0	0.0	0.0	0.0
TGCT	0.0	1.0	0.0	0.0	0.0	0.0
TGCT	0.0	1.0	0.0	0.0	0.0	0.0
TGCT	0.0	1.0	0.0	0.0	0.0	0.0
TGCT	0.0	1.0	0.0	0.0	0.0	0.0
TGCT	0.0	1.0	0.0	0.0	0.0	0.0
TGCT	0.0	1.0	0.0	0.0	0.0	0.0
TGCT	0.0					
THCA	0.0	1.0	0.0	0.0	0.0	0.0
THCA	0.0	1.0	0.0	0.0	0.0	0.0
THCA	0.0	1.0	0.0	0.0	0.0	0.0
THCA	0.0	1.0	0.0	0.0	0.0	0.0
THCA	2002.0	1.0	0.0	0.0	0.0	0.0
THCA	1325.0	1.0	0.0	0.0	0.0	0.0
THCA	3314.0	1.0	0.0	0.0	0.0	0.0
THCA	2307.0	1.0	0.0	0.0	0.0	0.0
THCA	0.0	1.0	0.0	0.0	0.0	0.0
THCA	0.0					
THCA	0.0	1.0	0.0	0.0	0.0	0.0
THCA	0.0	1.0	0.0	0.0	0.0	0.0
THCA	0.0	1.0	0.0	0.0	0.0	0.0
THCA	0.0	1.0	0.0	0.0	0.0	0.0
THCA	0.0	1.0	0.0	0.0	0.0	0.0
THCA	0.0	1.0	0.0	0.0	0.0	0.0
THCA	0.0	1.0	0.0	0.0	0.0	0.0
THCA	0.0	1.0	0.0	0.0	0.0	0.0
THCA	0.0	1.0	0.0	0.0	0.0	0.0
THCA	0.0	1.0	0.0	0.0	0.0	0.0
THCA	0.0	1.0	0.0	0.0	0.0	0.0
THCA	0.0	1.0	0.0	0.0	0.0	0.0
THCA	0.0	1.0	0.0	0.0	0.0	0.0
THCA	0.0	1.0	0.0	0.0	0.0	0.0
THCA	0.0	1.0	0.0	0.0	0.0	0.0
THCA	0.0	1.0	0.0	0.0	0.0	0.0
THCA	0.0	1.0	0.0	0.0	0.0	0.0
THCA	0.0	1.0	0.0	0.0	0.0	0.0
THCA	0.0	1.0	0.0	0.0	0.0	0.0
THCA	0.0	1.0	0.0	0.0	0.0	0.0
THCA	0.0	1.0	0.0	0.0	0.0	0.0
THCA	0.0	1.0	0.0	0.0	0.0	0.0
THCA	0.0	1.0	0.0	0.0	0.0	0.0
THCA	0.0	1.0	0.0	0.0	0.0	0.0
THCA	0.0	1.0	0.0	0.0	0.0	0.0
THCA	0.0	1.0	0.0	0.0	0.0	0.0
THCA	0.0	1.0	0.0	0.0	0.0	0.0
THCA	0.0					
THCA	0.0	1.0	0.0	0.0	0.0	0.0
THCA	0.0	1.0	0.0	0.0	0.0	0.0
THCA	0.0	1.0	0.0	0.0	0.0	0.0
THCA	0.0	1.0	0.0	0.0	0.0	0.0
THCA	0.0	1.0	0.0	0.0	0.0	0.0
THCA	0.0	1.0	0.0	0.0	0.0	0.0
THCA	0.0	1.0	0.0	0.0	0.0	0.0
THCA	0.0	1.0	0.0	0.0	0.0	0.0
THCA	0.0	1.0	0.0	0.0	0.0	0.0
THCA	0.0	1.0	0.0	0.0	0.0	0.0
THCA	0.0	1.0	0.0	0.0	0.0	0.0
THCA	0.0	1.0	0.0	0.0	0.0	0.0
THCA	0.0	1.0	0.0	0.0	0.0	0.0
THCA	0.0					
THCA	1898.0	1.0	0.0	0.0	0.0	0.0
THCA	2491.0	1.0	0.0	0.0	0.0	0.0
THCA	5150.0	1.0	0.0	0.0	0.0	0.0
THCA	971.0	1.0	0.0	0.0	0.0	0.0
THCA	0.0	1.0	0.0	0.0	0.0	0.0
THCA	0.0	1.0	0.0	0.0	0.0	0.0
THCA	0.0	1.0	0.0	0.0	0.0	0.0
THCA	0.0	1.0	0.0	0.0	0.0	0.0
THCA	0.0	1.0	0.0	0.0	0.0	0.0
THCA	0.0	1.0	0.0	0.0	0.0	0.0
THCA	0.0	1.0	0.0	0.0	0.0	0.0
THCA	0.0	1.0	0.0	0.0	0.0	0.0
THCA	0.0	1.0	0.0	0.0	0.0	0.0
THCA	0.0	1.0	0.0	0.0	0.0	0.0
THCA	0.0	1.0	0.0	0.0	0.0	0.0
THCA	0.0	1.0	0.0	0.0	0.0	0.0
THCA	0.0	1.0	0.0	0.0	0.0	0.0
THCA	0.0	1.0	0.0	0.0	0.0	0.0
THCA	0.0	1.0	0.0	0.0	0.0	0.0
THCA	0.0	1.0	0.0	0.0	0.0	0.0
THCA	0.0	1.0	0.0	0.0	0.0	0.0
THCA	0.0	1.0	0.0	0.0	0.0	0.0
THCA	0.0	1.0	0.0	0.0	0.0	0.0
THCA	0.0	1.0	0.0	0.0	0.0	0.0
THCA	0.0	1.0	0.0	0.0	0.0	0.0
THCA	0.0	1.0	0.0	0.0	0.0	0.0
THCA	0.0					
THCA	0.0	1.0	0.0	0.0	0.0	0.0
THCA	0.0	1.0	0.0	0.0	0.0	0.0
THCA	0.0	1.0	0.0	0.0	0.0	0.0
THCA	0.0	1.0	0.0	0.0	0.0	0.0
THCA	0.0	1.0	0.0	0.0	0.0	0.0
THCA	0.0	1.0	0.0	0.0	0.0	0.0
THCA	0.0	1.0	0.0	0.0	0.0	0.0
THCA	0.0	1.0	0.0	0.0	0.0	0.0
THCA	0.0	1.0	0.0	0.0	0.0	0.0
THCA	0.0	1.0	0.0	0.0	0.0	0.0
THCA	0.0	1.0	0.0	0.0	0.0	0.0
THCA	0.0	1.0	0.0	0.0	0.0	0.0
THCA	0.0	1.0	0.0	0.0	0.0	0.0
THCA	0.0	1.0	0.0	0.0	0.0	0.0
THCA	0.0	1.0	0.0	0.0	0.0	0.0
THCA	0.0	1.0	0.0	0.0	0.0	0.0
THCA	0.0	1.0	0.0	0.0	0.0	0.0
THCA	0.0	1.0	0.0	0.0	0.0	0.0
THCA	0.0	1.0	0.0	0.0	0.0	0.0
THCA	0.0	1.0	0.0	0.0	0.0	0.0
THCA	0.0					
THCA	394.0	1.0	0.0	0.0	0.0	0.0
THCA	204.0	1.0	0.0	0.0	0.0	0.0
THCA	1373.0	1.0	0.0	0.0	0.0	0.0
THCA	265.0	1.0	0.0	0.0	0.0	0.0
THCA	0.0	1.0	0.0	0.0	0.0	0.0
THCA	0.0	1.0	0.0	0.0	0.0	0.0
THCA	0.0	1.0	0.0	0.0	0.0	0.0
THCA	0.0	1.0	0.0	0.0	0.0	0.0
THCA	0.0	1.0	0.0	0.0	0.0	0.0
THCA	0.0	1.0	0.0	0.0	0.0	0.0
THCA	0.0	1.0	0.0	0.0	0.0	0.0
THCA	0.0	1.0	0.0	0.0	0.0	0.0
THCA	0.0	1.0	0.0	0.0	0.0	0.0
THCA	0.0	1.0	0.0	0.0	0.0	0.0
THCA	0.0	1.0	0.0	0.0	0.0	0.0
THCA	0.0	1.0	0.0	0.0	0.0	0.0
THCA	0.0	1.0	0.0	0.0	0.0	0.0
THCA	0.0	1.0	0.0	0.0	0.0	0.0
THCA	0.0	1.0	0.0	0.0	0.0	0.0
THCA	0.0	1.0	0.0	0.0	0.0	0.0
THCA	0.0	1.0	0.0	0.0	0.0	0.0
THCA	0.0	1.0	0.0	0.0	0.0	0.0
THCA	0.0	1.0	0.0	0.0	0.0	0.0
THCA	0.0	1.0	0.0	0.0	0.0	0.0
THCA	0.0	1.0	0.0	0.0	0.0	0.0
THCA	0.0	1.0	0.0	0.0	0.0	0.0
THCA	0.0	1.0	0.0	0.0	0.0	0.0
THCA	0.0	1.0	0.0	0.0	0.0	0.0
THCA	0.0	1.0	0.0	0.0	0.0	0.0
THCA	0.0	1.0	0.0	0.0	0.0	0.0
THCA	0.0	1.0	0.0	0.0	0.0	0.0
THCA	0.0	1.0	0.0	0.0	0.0	0.0
THCA	0.0	1.0	0.0	0.0	0.0	0.0
THCA	0.0					
THCA	0.0	1.0	0.0	0.0	0.0	0.0
THCA	0.0	1.0	0.0	0.0	0.0	0.0
THCA	0.0	1.0	0.0	0.0	0.0	0.0
THCA	0.0	1.0	0.0	0.0	0.0	0.0
THCA	0.0	1.0	0.0	0.0	0.0	0.0
THCA	0.0	1.0	0.0	0.0	0.0	0.0
THCA	0.0	1.0	0.0	0.0	0.0	0.0
THCA	0.0	1.0	0.0	0.0	0.0	0.0
THCA	0.0	1.0	0.0	0.0	0.0	0.0
THCA	0.0	1.0	0.0	0.0	0.0	0.0
THCA	0.0	1.0	0.0	0.0	0.0	0.0
THCA	0.0					
THCA	0.0	1.0	0.0	0.0	0.0	0.0
THCA	0.0	1.0	0.0	0.0	0.0	0.0
THCA	2178.0	1.0	0.0	0.0	0.0	0.0
THCA	2403.0	1.0	0.0	0.0	0.0	0.0
THCA	4179.0	1.0	0.0	0.0	0.0	0.0
THCA	1065.0	1.0	0.0	0.0	0.0	0.0
THCA	0.0					
THCA	0.0	1.0	0.0	0.0	0.0	0.0
THCA	0.0	1.0	0.0	0.0	0.0	0.0
THCA	0.0	1.0	0.0	0.0	0.0	0.0
THCA	0.0	1.0	0.0	0.0	0.0	0.0
THCA	0.0	1.0	0.0	0.0	0.0	0.0
THCA	0.0	1.0	0.0	0.0	0.0	0.0
THCA	0.0	1.0	0.0	0.0	0.0	0.0
THCA	0.0	1.0	0.0	0.0	0.0	0.0
THCA	0.0	1.0	0.0	0.0	0.0	0.0
THCA	0.0	1.0	0.0	0.0	0.0	0.0
THCA	0.0	1.0	0.0	0.0	0.0	0.0
THCA	0.0	1.0	0.0	0.0	0.0	0.0
THCA	0.0	1.0	0.0	0.0	0.0	0.0
THCA	0.0	1.0	0.0	0.0	0.0	0.0
THCA	0.0	1.0	0.0	0.0	0.0	0.0
THCA	0.0	1.0	0.0	0.0	0.0	0.0
THCA	0.0	1.0	0.0	0.0	0.0	0.0
THCA	0.0	1.0	0.0	0.0	0.0	0.0
THCA	0.0	1.0	0.0	0.0	0.0	0.0
THCA	0.0	1.0	0.0	0.0	0.0	0.0
THCA	0.0	1.0	0.0	0.0	0.0	0.0
THCA	0.0	1.0	0.0	0.0	0.0	0.0
THCA	0.0	1.0	0.0	0.0	0.0	0.0
THCA	0.0	1.0	0.0	0.0	0.0	0.0
THCA	0.0	1.0	0.0	0.0	0.0	0.0
THCA	0.0	1.0	0.0	0.0	0.0	0.0
THCA	0.0	1.0	0.0	0.0	0.0	0.0
THCA	0.0	1.0	0.0	0.0	0.0	0.0
THCA	0.0	1.0	0.0	0.0	0.0	0.0
THCA	0.0	1.0	0.0	0.0	0.0	0.0
THCA	0.0	1.0	0.0	0.0	0.0	0.0
THCA	0.0	1.0	0.0	0.0	0.0	0.0
THCA	0.0	1.0	0.0	0.0	0.0	0.0
THCA	0.0	1.0	0.0	0.0	0.0	0.0
THCA	0.0	1.0	0.0	0.0	0.0	0.0
THCA	0.0	1.0	0.0	0.0	0.0	0.0
THCA	0.0	1.0	0.0	0.0	0.0	0.0
THCA	0.0	1.0	0.0	0.0	0.0	0.0
THCA	0.0					
THYM	0.0	1.0	0.0	0.0	0.0	0.0
THYM	0.0	1.0	0.0	0.0	0.0	0.0
THYM	0.0	1.0	0.0	0.0	0.0	0.0
THYM	0.0	1.0	0.0	0.0	0.0	0.0
THYM	2002.0	1.0	0.0	0.0	0.0	0.0
THYM	1325.0	1.0	0.0	0.0	0.0	0.0
THYM	3314.0	1.0	0.0	0.0	0.0	0.0
THYM	2307.0	1.0	0.0	0.0	0.0	0.0
THYM	0.0	1.0	0.0	0.0	0.0	0.0
THYM	0.0					
THYM	0.0	1.0	0.0	0.0	0.0	0.0
THYM	0.0	1.0	0.0	0.0	0.0	0.0
THYM	0.0	1.0	0.0	0.0	0.0	0.0
THYM	0.0	1.0	0.0	0.0	0.0	0.0
THYM	0.0	1.0	0.0	0.0	0.0	0.0
THYM	0.0	1.0	0.0	0.0	0.0	0.0
THYM	0.0	1.0	0.0	0.0	0.0	0.0
THYM	0.0	1.0	0.0	0.0	0.0	0.0
THYM	0.0	1.0	0.0	0.0	0.0	0.0
THYM	0.0	1.0	0.0	0.0	0.0	0.0
THYM	0.0	1.0	0.0	0.0	0.0	0.0
THYM	0.0	1.0	0.0	0.0	0.0	0.0
THYM	0.0	1.0	0.0	0.0	0.0	0.0
THYM	0.0	1.0	0.0	0.0	0.0	0.0
THYM	0.0	1.0	0.0	0.0	0.0	0.0
THYM	0.0	1.0	0.0	0.0	0.0	0.0
THYM	0.0	1.0	0.0	0.0	0.0	0.0
THYM	0.0	1.0	0.0	0.0	0.0	0.0
THYM	0.0	1.0	0.0	0.0	0.0	0.0
THYM	0.0	1.0	0.0	0.0	0.0	0.0
THYM	0.0	1.0	0.0	0.0	0.0	0.0
THYM	0.0	1.0	0.0	0.0	0.0	0.0
THYM	0.0	1.0	0.0	0.0	0.0	0.0
THYM	0.0	1.0	0.0	0.0	0.0	0.0
THYM	0.0	1.0	0.0	0.0	0.0	0.0
THYM	0.0	1.0	0.0	0.0	0.0	0.0
THYM	0.0	1.0	0.0	0.0	0.0	0.0
THYM	0.0					
THYM	0.0	1.0	0.0	0.0	0.0	0.0
THYM	0.0	1.0	0.0	0.0	0.0	0.0
THYM	0.0	1.0	0.0	0.0	0.0	0.0
THYM	0.0	1.0	0.0	0.0	0.0	0.0
THYM	0.0	1.0	0.0	0.0	0.0	0.0
THYM	0.0	1.0	0.0	0.0	0.0	0.0
THYM	0.0	1.0	0.0	0.0	0.0	0.0
THYM	0.0	1.0	0.0	0.0	0.0	0.0
THYM	0.0	1.0	0.0	0.0	0.0	0.0
THYM	0.0	1.0	0.0	0.0	0.0	0.0
THYM	0.0	1.0	0.0	0.0	0.0	0.0
THYM	0.0	1.0	0.0	0.0	0.0	0.0
THYM	0.0	1.0	0.0	0.0	0.0	0.0
THYM	0.0					
THYM	1898.0	1.0	0.0	0.0	0.0	0.0
THYM	2491.0	1.0	0.0	0.0	0.0	0.0
THYM	5150.0	1.0	0.0	0.0	0.0	0.0
THYM	971.0	1.0	0.0	0.0	0.0	0.0
THYM	0.0	1.0	0.0	0.0	0.0	0.0
THYM	0.0	1.0	0.0	0.0	0.0	0.0
THYM	0.0	1.0	0.0	0.0	0.0	0.0
THYM	0.0	1.0	0.0	0.0	0.0	0.0
THYM	0.0	1.0	0.0	0.0	0.0	0.0
THYM	0.0	1.0	0.0	0.0	0.0	0.0
THYM	0.0	1.0	0.0	0.0	0.0	0.0
THYM	0.0	1.0	0.0	0.0	0.0	0.0
THYM	0.0	1.0	0.0	0.0	0.0	0.0
THYM	0.0	1.0	0.0	0.0	0.0	0.0
THYM	0.0	1.0	0.0	0.0	0.0	0.0
THYM	0.0	1.0	0.0	0.0	0.0	0.0
THYM	0.0	1.0	0.0	0.0	0.0	0.0
THYM	0.0	1.0	0.0	0.0	0.0	0.0
THYM	0.0	1.0	0.0	0.0	0.0	0.0
THYM	0.0	1.0	0.0	0.0	0.0	0.0
THYM	0.0	1.0	0.0	0.0	0.0	0.0
THYM	0.0	1.0	0.0	0.0	0.0	0.0
THYM	0.0	1.0	0.0	0.0	0.0	0.0
THYM	0.0	1.0	0.0	0.0	0.0	0.0
THYM	0.0	1.0	0.0	0.0	0.0	0.0
THYM	0.0	1.0	0.0	0.0	0.0	0.0
THYM	0.0					
THYM	0.0	1.0	0.0	0.0	0.0	0.0
THYM	0.0	1.0	0.0	0.0	0.0	0.0
THYM	0.0	1.0	0.0	0.0	0.0	0.0
THYM	0.0	1.0	0.0	0.0	0.0	0.0
THYM	0.0	1.0	0.0	0.0	0.0	0.0
THYM	0.0	1.0	0.0	0.0	0.0	0.0
THYM	0.0	1.0	0.0	0.0	0.0	0.0
THYM	0.0	1.0	0.0	0.0	0.0	0.0
THYM	0.0	1.0	0.0	0.0	0.0	0.0
THYM	0.0	1.0	0.0	0.0	0.0	0.0
THYM	0.0	1.0	0.0	0.0	0.0	0.0
THYM	0.0	1.0	0.0	0.0	0.0	0.0
THYM	0.0	1.0	0.0	0.0	0.0	0.0
THYM	0.0	1.0	0.0	0.0	0.0	0.0
THYM	0.0	1.0	0.0	0.0	0.0	0.0
THYM	0.0	1.0	0.0	0.0	0.0	0.0
THYM	0.0	1.0	0.0	0.0	0.0	0.0
THYM	0.0	1.0	0.0	0.0	0.0	0.0
THYM	0.0	1.0	0.0	0.0	0.0	0.0
THYM	0.0	1.0	0.0	0.0	0.0	0.0
THYM	0.0					
THYM	394.0	1.0	0.0	0.0	0.0	0.0
THYM	204.0	1.0	0.0	0.0	0.0	0.0
THYM	1373.0	1.0	0.0	0.0	0.0	0.0
THYM	265.0	1.0	0.0	0.0	0.0	0.0
THYM	0.0	1.0	0.0	0.0	0.0	0.0
THYM	0.0	1.0	0.0	0.0	0.0	0.0
THYM	0.0	1.0	0.0	0.0	0.0	0.0
THYM	0.0	1.0	0.0	0.0	0.0	0.0
THYM	0.0	1.0	0.0	0.0	0.0	0.0
THYM	0.0	1.0	0.0	0.0	0.0	0.0
THYM	0.0	1.0	0.0	0.0	0.0	0.0
THYM	0.0	1.0	0.0	0.0	0.0	0.0
THYM	0.0	1.0	0.0	0.0	0.0	0.0
THYM	0.0	1.0	0.0	0.0	0.0	0.0
THYM	0.0	1.0	0.0	0.0	0.0	0.0
THYM	0.0	1.0	0.0	0.0	0.0	0.0
THYM	0.0	1.0	0.0	0.0	0.0	0.0
THYM	0.0	1.0	0.0	0.0	0.0	0.0
THYM	0.0	1.0	0.0	0.0	0.0	0.0
THYM	0.0	1.0	0.0	0.0	0.0	0.0
THYM	0.0	1.0	0.0	0.0	0.0	0.0
THYM	0.0	1.0	0.0	0.0	0.0	0.0
THYM	0.0	1.0	0.0	0.0	0.0	0.0
THYM	0.0	1.0	0.0	0.0	0.0	0.0
THYM	0.0	1.0	0.0	0.0	0.0	0.0
THYM	0.0	1.0	0.0	0.0	0.0	0.0
THYM	0.0	1.0	0.0	0.0	0.0	0.0
THYM	0.0	1.0	0.0	0.0	0.0	0.0
THYM	0.0	1.0	0.0	0.0	0.0	0.0
THYM	0.0	1.0	0.0	0.0	0.0	0.0
THYM	0.0	1.0	0.0	0.0	0.0	0.0
THYM	0.0	1.0	0.0	0.0	0.0	0.0
THYM	0.0	1.0	0.0	0.0	0.0	0.0
THYM	0.0					
THYM	0.0	1.0	0.0	0.0	0.0	0.0
THYM	0.0	1.0	0.0	0.0	0.0	0.0
THYM	0.0	1.0	0.0	0.0	0.0	0.0
THYM	0.0	1.0	0.0	0.0	0.0	0.0
THYM	0.0	1.0	0.0	0.0	0.0	0.0
THYM	0.0	1.0	0.0	0.0	0.0	0.0
THYM	0.0	1.0	0.0	0.0	0.0	0.0
THYM	0.0	1.0	0.0	0.0	0.0	0.0
THYM	0.0	1.0	0.0	0.0	0.0	0.0
THYM	0.0	1.0	0.0	0.0	0.0	0.0
THYM	0.0	1.0	0.0	0.0	0.0	0.0
THYM	0.0					
THYM	0.0	1.0	0.0	0.0	0.0	0.0
THYM	0.0	1.0	0.0	0.0	0.0	0.0
THYM	2178.0	1.0	0.0	0.0	0.0	0.0
THYM	2403.0	1.0	0.0	0.0	0.0	0.0
THYM	4179.0	1.0	0.0	0.0	0.0	0.0
THYM	1065.0	1.0	0.0	0.0	0.0	0.0
THYM	0.0					
THYM	0.0	1.0	0.0	0.0	0.0	0.0
THYM	0.0	1.0	0.0	0.0	0.0	0.0
THYM	0.0	1.0	0.0	0.0	0.0	0.0
THYM	0.0	1.0	0.0	0.0	0.0	0.0
THYM	0.0	1.0	0.0	0.0	0.0	0.0
THYM	0.0	1.0	0.0	0.0	0.0	0.0
THYM	0.0	1.0	0.0	0.0	0.0	0.0
THYM	0.0	1.0	0.0	0.0	0.0	0.0
THYM	0.0	1.0	0.0	0.0	0.0	0.0
THYM	0.0	1.0	0.0	0.0	0.0	0.0
THYM	0.0	1.0	0.0	0.0	0.0	0.0
THYM	0.0	1.0	0.0	0.0	0.0	0.0
THYM	0.0	1.0	0.0	0.0	0.0	0.0
THYM	0.0	1.0	0.0	0.0	0.0	0.0
THYM	0.0	1.0	0.0	0.0	0.0	0.0
THYM	0.0	1.0	0.0	0.0	0.0	0.0
THYM	0.0	1.0	0.0	0.0	0.0	0.0
THYM	0.0	1.0	0.0	0.0	0.0	0.0
THYM	0.0	1.0	0.0	0.0	0.0	0.0
THYM	0.0	1.0	0.0	0.0	0.0	0.0
THYM	0.0	1.0	0.0	0.0	0.0	0.0
THYM	0.0	1.0	0.0	0.0	0.0	0.0
THYM	0.0	1.0	0.0	0.0	0.0	0.0
THYM	0.0	1.0	0.0	0.0	0.0	0.0
THYM	0.0	1.0	0.0	0.0	0.0	0.0
THYM	0.0	1.0	0.0	0.0	0.0	0.0
THYM	0.0	1.0	0.0	0.0	0.0	0.0
THYM	0.0	1.0	0.0	0.0	0.0	0.0
THYM	0.0	1.0	0.0	0.0	0.0	0.0
THYM	0.0	1.0	0.0	0.0	0.0	0.0
THYM	0.0	1.0	0.0	0.0	0.0	0.0
THYM	0.0	1.0	0.0	0.0	0.0	0.0
THYM	0.0	1.0	0.0	0.0	0.0	0.0
THYM	0.0	1.0	0.0	0.0	0.0	0.0
THYM	0.0	1.0	0.0	0.0	0.0	0.0
THYM	0.0	1.0	0.0	0.0	0.0	0.0
THYM	0.0	1.0	0.0	0.0	0.0	0.0
THYM	0.0	1.0	0.0	0.0	0.0	0.0
THYM	0.0					
UCEC	0.0	1.0	0.0	0.0	0.0	0.0
UCEC	0.0	1.0	0.0	0.0	0.0	0.0
UCEC	0.0	1.0	0.0	0.0	0.0	0.0
UCEC	0.0	1.0	0.0	0.0	0.0	0.0
UCEC	2002.0	1.0	0.0	0.0	0.0	0.0
UCEC	1325.0	1.0	0.0	0.0	0.0	0.0
UCEC	3314.0	1.0	0.0	0.0	0.0	0.0
UCEC	2307.0	1.0	0.0	0.0	0.0	0.0
UCEC	0.0	1.0	0.0	0.0	0.0	0.0
UCEC	0.0					
UCEC	0.0	1.0	0.0	0.0	0.0	0.0
UCEC	0.0	1.0	0.0	0.0	0.0	0.0
UCEC	0.0	1.0	0.0	0.0	0.0	0.0
UCEC	0.0	1.0	0.0	0.0	0.0	0.0
UCEC	0.0	1.0	0.0	0.0	0.0	0.0
UCEC	0.0	1.0	0.0	0.0	0.0	0.0
UCEC	0.0	1.0	0.0	0.0	0.0	0.0
UCEC	0.0	1.0	0.0	0.0	0.0	0.0
UCEC	0.0	1.0	0.0	0.0	0.0	0.0
UCEC	0.0	1.0	0.0	0.0	0.0	0.0
UCEC	0.0	1.0	0.0	0.0	0.0	0.0
UCEC	0.0	1.0	0.0	0.0	0.0	0.0
UCEC	0.0	1.0	0.0	0.0	0.0	0.0
UCEC	0.0	1.0	0.0	0.0	0.0	0.0
UCEC	0.0	1.0	0.0	0.0	0.0	0.0
UCEC	0.0	1.0	0.0	0.0	0.0	0.0
UCEC	0.0	1.0	0.0	0.0	0.0	0.0
UCEC	0.0	1.0	0.0	0.0	0.0	0.0
UCEC	0.0	1.0	0.0	0.0	0.0	0.0
UCEC	0.0	1.0	0.0	0.0	0.0	0.0
UCEC	0.0	1.0	0.0	0.0	0.0	0.0
UCEC	0.0	1.0	0.0	0.0	0.0	0.0
UCEC	0.0	1.0	0.0	0.0	0.0	0.0
UCEC	0.0	1.0	0.0	0.0	0.0	0.0
UCEC	0.0	1.0	0.0	0.0	0.0	0.0
UCEC	0.0	1.0	0.0	0.0	0.0	0.0
UCEC	0.0	1.0	0.0	0.0	0.0	0.0
UCEC	0.0					
UCEC	0.0	1.0	0.0	0.0	0.0	0.0
UCEC	0.0	1.0	0.0	0.0	0.0	0.0
UCEC	0.0	1.0	0.0	0.0	0.0	0.0
UCEC	0.0	1.0	0.0	0.0	0.0	0.0
UCEC	0.0	1.0	0.0	0.0	0.0	0.0
UCEC	0.0	1.0	0.0	0.0	0.0	0.0
UCEC	0.0	1.0	0.0	0.0	0.0	0.0
UCEC	0.0	1.0	0.0	0.0	0.0	0.0
UCEC	0.0	1.0	0.0	0.0	0.0	0.0
UCEC	0.0	1.0	0.0	0.0	0.0	0.0
UCEC	0.0	1.0	0.0	0.0	0.0	0.0
UCEC	0.0	1.0	0.0	0.0	0.0	0.0
UCEC	0.0	1.0	0.0	0.0	0.0	0.0
UCEC	0.0					
UCEC	1898.0	1.0	0.0	0.0	0.0	0.0
UCEC	2491.0	1.0	0.0	0.0	0.0	0.0
UCEC	5150.0	1.0	0.0	0.0	0.0	0.0
UCEC	971.0	1.0	0.0	0.0	0.0	0.0
UCEC	0.0	1.0	0.0	0.0	0.0	0.0
UCEC	0.0	1.0	0.0	0.0	0.0	0.0
UCEC	0.0	1.0	0.0	0.0	0.0	0.0
UCEC	0.0	1.0	0.0	0.0	0.0	0.0
UCEC	0.0	1.0	0.0	0.0	0.0	0.0
UCEC	0.0	1.0	0.0	0.0	0.0	0.0
UCEC	0.0	1.0	0.0	0.0	0.0	0.0
UCEC	0.0	1.0	0.0	0.0	0.0	0.0
UCEC	0.0	1.0	0.0	0.0	0.0	0.0
UCEC	0.0	1.0	0.0	0.0	0.0	0.0
UCEC	0.0	1.0	0.0	0.0	0.0	0.0
UCEC	0.0	1.0	0.0	0.0	0.0	0.0
UCEC	0.0	1.0	0.0	0.0	0.0	0.0
UCEC	0.0	1.0	0.0	0.0	0.0	0.0
UCEC	0.0	1.0	0.0	0.0	0.0	0.0
UCEC	0.0	1.0	0.0	0.0	0.0	0.0
UCEC	0.0	1.0	0.0	0.0	0.0	0.0
UCEC	0.0	1.0	0.0	0.0	0.0	0.0
UCEC	0.0	1.0	0.0	0.0	0.0	0.0
UCEC	0.0	1.0	0.0	0.0	0.0	0.0
UCEC	0.0	1.0	0.0	0.0	0.0	0.0
UCEC	0.0	1.0	0.0	0.0	0.0	0.0
UCEC	0.0					
UCEC	0.0	1.0	0.0	0.0	0.0	0.0
UCEC	0.0	1.0	0.0	0.0	0.0	0.0
UCEC	0.0	1.0	0.0	0.0	0.0	0.0
UCEC	0.0	1.0	0.0	0.0	0.0	0.0
UCEC	0.0	1.0	0.0	0.0	0.0	0.0
UCEC	0.0	1.0	0.0	0.0	0.0	0.0
UCEC	0.0	1.0	0.0	0.0	0.0	0.0
UCEC	0.0	1.0	0.0	0.0	0.0	0.0
UCEC	0.0	1.0	0.0	0.0	0.0	0.0
UCEC	0.0	1.0	0.0	0.0	0.0	0.0
UCEC	0.0	1.0	0.0	0.0	0.0	0.0
UCEC	0.0	1.0	0.0	0.0	0.0	0.0
UCEC	0.0	1.0	0.0	0.0	0.0	0.0
UCEC	0.0	1.0	0.0	0.0	0.0	0.0
UCEC	0.0	1.0	0.0	0.0	0.0	0.0
UCEC	0.0	1.0	0.0	0.0	0.0	0.0
UCEC	0.0	1.0	0.0	0.0	0.0	0.0
UCEC	0.0	1.0	0.0	0.0	0.0	0.0
UCEC	0.0	1.0	0.0	0.0	0.0	0.0
UCEC	0.0	1.0	0.0	0.0	0.0	0.0
UCEC	0.0					
UCEC	394.0	1.0	0.0	0.0	0.0	0.0
UCEC	204.0	1.0	0.0	0.0	0.0	0.0
UCEC	1373.0	1.0	0.0	0.0	0.0	0.0
UCEC	265.0	1.0	0.0	0.0	0.0	0.0
UCEC	0.0	1.0	0.0	0.0	0.0	0.0
UCEC	0.0	1.0	0.0	0.0	0.0	0.0
UCEC	0.0	1.0	0.0	0.0	0.0	0.0
UCEC	0.0	1.0	0.0	0.0	0.0	0.0
UCEC	0.0	1.0	0.0	0.0	0.0	0.0
UCEC	0.0	1.0	0.0	0.0	0.0	0.0
UCEC	0.0	1.0	0.0	0.0	0.0	0.0
UCEC	0.0	1.0	0.0	0.0	0.0	0.0
UCEC	0.0	1.0	0.0	0.0	0.0	0.0
UCEC	0.0	1.0	0.0	0.0	0.0	0.0
UCEC	0.0	1.0	0.0	0.0	0.0	0.0
UCEC	0.0	1.0	0.0	0.0	0.0	0.0
UCEC	0.0	1.0	0.0	0.0	0.0	0.0
UCEC	0.0	1.0	0.0	0.0	0.0	0.0
UCEC	0.0	1.0	0.0	0.0	0.0	0.0
UCEC	0.0	1.0	0.0	0.0	0.0	0.0
UCEC	0.0	1.0	0.0	0.0	0.0	0.0
UCEC	0.0	1.0	0.0	0.0	0.0	0.0
UCEC	0.0	1.0	0.0	0.0	0.0	0.0
UCEC	0.0	1.0	0.0	0.0	0.0	0.0
UCEC	0.0	1.0	0.0	0.0	0.0	0.0
UCEC	0.0	1.0	0.0	0.0	0.0	0.0
UCEC	0.0	1.0	0.0	0.0	0.0	0.0
UCEC	0.0	1.0	0.0	0.0	0.0	0.0
UCEC	0.0	1.0	0.0	0.0	0.0	0.0
UCEC	0.0	1.0	0.0	0.0	0.0	0.0
UCEC	0.0	1.0	0.0	0.0	0.0	0.0
UCEC	0.0	1.0	0.0	0.0	0.0	0.0
UCEC	0.0	1.0	0.0	0.0	0.0	0.0
UCEC	0.0					
UCEC	0.0	1.0	0.0	0.0	0.0	0.0
UCEC	0.0	1.0	0.0	0.0	0.0	0.0
UCEC	0.0	1.0	0.0	0.0	0.0	0.0
UCEC	0.0	1.0	0.0	0.0	0.0	0.0
UCEC	0.0	1.0	0.0	0.0	0.0	0.0
UCEC	0.0	1.0	0.0	0.0	0.0	0.0
UCEC	0.0	1.0	0.0	0.0	0.0	0.0
UCEC	0.0	1.0	0.0	0.0	0.0	0.0
UCEC	0.0	1.0	0.0	0.0	0.0	0.0
UCEC	0.0	1.0	0.0	0.0	0.0	0.0
UCEC	0.0	1.0	0.0	0.0	0.0	0.0
UCEC	0.0					
UCEC	0.0	1.0	0.0	0.0	0.0	0.0
UCEC	0.0	1.0	0.0	0.0	0.0	0.0
UCEC	2178.0	1.0	0.0	0.0	0.0	0.0
UCEC	2403.0	1.0	0.0	0.0	0.0	0.0
UCEC	4179.0	1.0	0.0	0.0	0.0	0.0
UCEC	1065.0	1.0	0.0	0.0	0.0	0.0
UCEC	0.0					
UCEC	0.0	1.0	0.0	0.0	0.0	0.0
UCEC	0.0	1.0	0.0	0.0	0.0	0.0
UCEC	0.0	1.0	0.0	0.0	0.0	0.0
UCEC	0.0	1.0	0.0	0.0	0.0	0.0
UCEC	0.0	1.0	0.0	0.0	0.0	0.0
UCEC	0.0	1.0	0.0	0.0	0.0	0.0
UCEC	0.0	1.0	0.0	0.0	0.0	0.0
UCEC	0.0	1.0	0.0	0.0	0.0	0.0
UCEC	0.0	1.0	0.0	0.0	0.0	0.0
UCEC	0.0	1.0	0.0	0.0	0.0	0.0
UCEC	0.0	1.0	0.0	0.0	0.0	0.0
UCEC	0.0	1.0	0.0	0.0	0.0	0.0
UCEC	0.0	1.0	0.0	0.0	0.0	0.0
UCEC	0.0	1.0	0.0	0.0	0.0	0.0
UCEC	0.0	1.0	0.0	0.0	0.0	0.0
UCEC	0.0	1.0	0.0	0.0	0.0	0.0
UCEC	0.0	1.0	0.0	0.0	0.0	0.0
UCEC	0.0	1.0	0.0	0.0	0.0	0.0
UCEC	0.0	1.0	0.0	0.0	0.0	0.0
UCEC	0.0	1.0	0.0	0.0	0.0	0.0
UCEC	0.0	1.0	0.0	0.0	0.0	0.0
UCEC	0.0	1.0	0.0	0.0	0.0	0.0
UCEC	0.0	1.0	0.0	0.0	0.0	0.0
UCEC	0.0	1.0	0.0	0.0	0.0	0.0
UCEC	0.0	1.0	0.0	0.0	0.0	0.0
UCEC	0.0	1.0	0.0	0.0	0.0	0.0
UCEC	0.0	1.0	0.0	0.0	0.0	0.0
UCEC	0.0	1.0	0.0	0.0	0.0	0.0
UCEC	0.0	1.0	0.0	0.0	0.0	0.0
UCEC	0.0	1.0	0.0	0.0	0.0	0.0
UCEC	0.0	1.0	0.0	0.0	0.0	0.0
UCEC	0.0	1.0	0.0	0.0	0.0	0.0
UCEC	0.0	1.0	0.0	0.0	0.0	0.0
UCEC	0.0	1.0	0.0	0.0	0.0	0.0
UCEC	0.0	1.0	0.0	0.0	0.0	0.0
UCEC	0.0	1.0	0.0	0.0	0.0	0.0
UCEC	0.0	1.0	0.0	0.0	0.0	0.0
UCEC	0.0	1.0	0.0	0.0	0.0	0.0
UCEC	0.0					
UCS	0.0	1.0	0.0	0.0	0.0	0.0
UCS	0.0	1.0	0.0	0.0	0.0	0.0
UCS	0.0	1.0	0.0	0.0	0.0	0.0
UCS	0.0	1.0	0.0	0.0	0.0	0.0
UCS	2002.0	1.0	0.0	0.0	0.0	0.0
UCS	1325.0	1.0	0.0	0.0	0.0	0.0
UCS	3314.0	1.0	0.0	0.0	0.0	0.0
UCS	2307.0	1.0	0.0	0.0	0.0	0.0
UCS	0.0	1.0	0.0	0.0	0.0	0.0
UCS	0.0					
UCS	0.0	1.0	0.0	0.0	0.0	0.0
UCS	0.0	1.0	0.0	0.0	0.0	0.0
UCS	0.0	1.0	0.0	0.0	0.0	0.0
UCS	0.0	1.0	0.0	0.0	0.0	0.0
UCS	0.0	1.0	0.0	0.0	0.0	0.0
UCS	0.0	1.0	0.0	0.0	0.0	0.0
UCS	0.0	1.0	0.0	0.0	0.0	0.0
UCS	0.0	1.0	0.0	0.0	0.0	0.0
UCS	0.0	1.0	0.0	0.0	0.0	0.0
UCS	0.0	1.0	0.0	0.0	0.0	0.0
UCS	0.0	1.0	0.0	0.0	0.0	0.0
UCS	0.0	1.0	0.0	0.0	0.0	0.0
UCS	0.0	1.0	0.0	0.0	0.0	0.0
UCS	0.0	1.0	0.0	0.0	0.0	0.0
UCS	0.0	1.0	0.0	0.0	0.0	0.0
UCS	0.0	1.0	0.0	0.0	0.0	0.0
UCS	0.0	1.0	0.0	0.0	0.0	0.0
UCS	0.0	1.0	0.0	0.0	0.0	0.0
UCS	0.0	1.0	0.0	0.0	0.0	0.0
UCS	0.0	1.0	0.0	0.0	0.0	0.0
UCS	0.0	1.0	0.0	0.0	0.0	0.0
UCS	0.0	1.0	0.0	0.0	0.0	0.0
UCS	0.0	1.0	0.0	0.0	0.0	0.0
UCS	0.0	1.0	0.0	0.0	0.0	0.0
UCS	0.0	1.0	0.0	0.0	0.0	0.0
UCS	0.0	1.0	0.0	0.0	0.0	0.0
UCS	0.0	1.0	0.0	0.0	0.0	0.0
UCS	0.0					
UCS	0.0	1.0	0.0	0.0	0.0	0.0
UCS	0.0	1.0	0.0	0.0	0.0	0.0
UCS	0.0	1.0	0.0	0.0	0.0	0.0
UCS	0.0	1.0	0.0	0.0	0.0	0.0
UCS	0.0	1.0	0.0	0.0	0.0	0.0
UCS	0.0	1.0	0.0	0.0	0.0	0.0
UCS	0.0	1.0	0.0	0.0	0.0	0.0
UCS	0.0	1.0	0.0	0.0	0.0	0.0
UCS	0.0	1.0	0.0	0.0	0.0	0.0
UCS	0.0	1.0	0.0	0.0	0.0	0.0
UCS	0.0	1.0	0.0	0.0	0.0	0.0
UCS	0.0	1.0	0.0	0.0	0.0	0.0
UCS	0.0	1.0	0.0	0.0	0.0	0.0
UCS	0.0					
UCS	1898.0	1.0	0.0	0.0	0.0	0.0
UCS	2491.0	1.0	0.0	0.0	0.0	0.0
UCS	5150.0	1.0	0.0	0.0	0.0	0.0
UCS	971.0	1.0	0.0	0.0	0.0	0.0
UCS	0.0	1.0	0.0	0.0	0.0	0.0
UCS	0.0	1.0	0.0	0.0	0.0	0.0
UCS	0.0	1.0	0.0	0.0	0.0	0.0
UCS	0.0	1.0	0.0	0.0	0.0	0.0
UCS	0.0	1.0	0.0	0.0	0.0	0.0
UCS	0.0	1.0	0.0	0.0	0.0	0.0
UCS	0.0	1.0	0.0	0.0	0.0	0.0
UCS	0.0	1.0	0.0	0.0	0.0	0.0
UCS	0.0	1.0	0.0	0.0	0.0	0.0
UCS	0.0	1.0	0.0	0.0	0.0	0.0
UCS	0.0	1.0	0.0	0.0	0.0	0.0
UCS	0.0	1.0	0.0	0.0	0.0	0.0
UCS	0.0	1.0	0.0	0.0	0.0	0.0
UCS	0.0	1.0	0.0	0.0	0.0	0.0
UCS	0.0	1.0	0.0	0.0	0.0	0.0
UCS	0.0	1.0	0.0	0.0	0.0	0.0
UCS	0.0	1.0	0.0	0.0	0.0	0.0
UCS	0.0	1.0	0.0	0.0	0.0	0.0
UCS	0.0	1.0	0.0	0.0	0.0	0.0
UCS	0.0	1.0	0.0	0.0	0.0	0.0
UCS	0.0	1.0	0.0	0.0	0.0	0.0
UCS	0.0	1.0	0.0	0.0	0.0	0.0
UCS	0.0					
UCS	0.0	1.0	0.0	0.0	0.0	0.0
UCS	0.0	1.0	0.0	0.0	0.0	0.0
UCS	0.0	1.0	0.0	0.0	0.0	0.0
UCS	0.0	1.0	0.0	0.0	0.0	0.0
UCS	0.0	1.0	0.0	0.0	0.0	0.0
UCS	0.0	1.0	0.0	0.0	0.0	0.0
UCS	0.0	1.0	0.0	0.0	0.0	0.0
UCS	0.0	1.0	0.0	0.0	0.0	0.0
UCS	0.0	1.0	0.0	0.0	0.0	0.0
UCS	0.0	1.0	0.0	0.0	0.0	0.0
UCS	0.0	1.0	0.0	0.0	0.0	0.0
UCS	0.0	1.0	0.0	0.0	0.0	0.0
UCS	0.0	1.0	0.0	0.0	0.0	0.0
UCS	0.0	1.0	0.0	0.0	0.0	0.0
UCS	0.0	1.0	0.0	0.0	0.0	0.0
UCS	0.0	1.0	0.0	0.0	0.0	0.0
UCS	0.0	1.0	0.0	0.0	0.0	0.0
UCS	0.0	1.0	0.0	0.0	0.0	0.0
UCS	0.0	1.0	0.0	0.0	0.0	0.0
UCS	0.0	1.0	0.0	0.0	0.0	0.0
UCS	0.0					
UCS	394.0	1.0	0.0	0.0	0.0	0.0
UCS	204.0	1.0	0.0	0.0	0.0	0.0
UCS	1373.0	1.0	0.0	0.0	0.0	0.0
UCS	265.0	1.0	0.0	0.0	0.0	0.0
UCS	0.0	1.0	0.0	0.0	0.0	0.0
UCS	0.0	1.0	0.0	0.0	0.0	0.0
UCS	0.0	1.0	0.0	0.0	0.0	0.0
UCS	0.0	1.0	0.0	0.0	0.0	0.0
UCS	0.0	1.0	0.0	0.0	0.0	0.0
UCS	0.0	1.0	0.0	0.0	0.0	0.0
UCS	0.0	1.0	0.0	0.0	0.0	0.0
UCS	0.0	1.0	0.0	0.0	0.0	0.0
UCS	0.0	1.0	0.0	0.0	0.0	0.0
UCS	0.0	1.0	0.0	0.0	0.0	0.0
UCS	0.0	1.0	0.0	0.0	0.0	0.0
UCS	0.0	1.0	0.0	0.0	0.0	0.0
UCS	0.0	1.0	0.0	0.0	0.0	0.0
UCS	0.0	1.0	0.0	0.0	0.0	0.0
UCS	0.0	1.0	0.0	0.0	0.0	0.0
UCS	0.0	1.0	0.0	0.0	0.0	0.0
UCS	0.0	1.0	0.0	0.0	0.0	0.0
UCS	0.0	1.0	0.0	0.0	0.0	0.0
UCS	0.0	1.0	0.0	0.0	0.0	0.0
UCS	0.0	1.0	0.0	0.0	0.0	0.0
UCS	0.0	1.0	0.0	0.0	0.0	0.0
UCS	0.0	1.0	0.0	0.0	0.0	0.0
UCS	0.0	1.0	0.0	0.0	0.0	0.0
UCS	0.0	1.0	0.0	0.0	0.0	0.0
UCS	0.0	1.0	0.0	0.0	0.0	0.0
UCS	0.0	1.0	0.0	0.0	0.0	0.0
UCS	0.0	1.0	0.0	0.0	0.0	0.0
UCS	0.0	1.0	0.0	0.0	0.0	0.0
UCS	0.0	1.0	0.0	0.0	0.0	0.0
UCS	0.0					
UCS	0.0	1.0	0.0	0.0	0.0	0.0
UCS	0.0	1.0	0.0	0.0	0.0	0.0
UCS	0.0	1.0	0.0	0.0	0.0	0.0
UCS	0.0	1.0	0.0	0.0	0.0	0.0
UCS	0.0	1.0	0.0	0.0	0.0	0.0
UCS	0.0	1.0	0.0	0.0	0.0	0.0
UCS	0.0	1.0	0.0	0.0	0.0	0.0
UCS	0.0	1.0	0.0	0.0	0.0	0.0
UCS	0.0	1.0	0.0	0.0	0.0	0.0
UCS	0.0	1.0	0.0	0.0	0.0	0.0
UCS	0.0	1.0	0.0	0.0	0.0	0.0
UCS	0.0					
UCS	0.0	1.0	0.0	0.0	0.0	0.0
UCS	0.0	1.0	0.0	0.0	0.0	0.0
UCS	2178.0	1.0	0.0	0.0	0.0	0.0
UCS	2403.0	1.0	0.0	0.0	0.0	0.0
UCS	4179.0	1.0	0.0	0.0	0.0	0.0
UCS	1065.0	1.0	0.0	0.0	0.0	0.0
UCS	0.0					
UCS	0.0	1.0	0.0	0.0	0.0	0.0
UCS	0.0	1.0	0.0	0.0	0.0	0.0
UCS	0.0	1.0	0.0	0.0	0.0	0.0
UCS	0.0	1.0	0.0	0.0	0.0	0.0
UCS	0.0	1.0	0.0	0.0	0.0	0.0
UCS	0.0	1.0	0.0	0.0	0.0	0.0
UCS	0.0	1.0	0.0	0.0	0.0	0.0
UCS	0.0	1.0	0.0	0.0	0.0	0.0
UCS	0.0	1.0	0.0	0.0	0.0	0.0
UCS	0.0	1.0	0.0	0.0	0.0	0.0
UCS	0.0	1.0	0.0	0.0	0.0	0.0
UCS	0.0	1.0	0.0	0.0	0.0	0.0
UCS	0.0	1.0	0.0	0.0	0.0	0.0
UCS	0.0	1.0	0.0	0.0	0.0	0.0
UCS	0.0	1.0	0.0	0.0	0.0	0.0
UCS	0.0	1.0	0.0	0.0	0.0	0.0
UCS	0.0	1.0	0.0	0.0	0.0	0.0
UCS	0.0	1.0	0.0	0.0	0.0	0.0
UCS	0.0	1.0	0.0	0.0	0.0	0.0
UCS	0.0	1.0	0.0	0.0	0.0	0.0
UCS	0.0	1.0	0.0	0.0	0.0	0.0
UCS	0.0	1.0	0.0	0.0	0.0	0.0
UCS	0.0	1.0	0.0	0.0	0.0	0.0
UCS	0.0	1.0	0.0	0.0	0.0	0.0
UCS	0.0	1.0	0.0	0.0	0.0	0.0
UCS	0.0	1.0	0.0	0.0	0.0	0.0
UCS	0.0	1.0	0.0	0.0	0.0	0.0
UCS	0.0	1.0	0.0	0.0	0.0	0.0
UCS	0.0	1.0	0.0	0.0	0.0	0.0
UCS	0.0	1.0	0.0	0.0	0.0	0.0
UCS	0.0	1.0	0.0	0.0	0.0	0.0
UCS	0.0	1.0	0.0	0.0	0.0	0.0
UCS	0.0	1.0	0.0	0.0	0.0	0.0
UCS	0.0	1.0	0.0	0.0	0.0	0.0
UCS	0.0	1.0	0.0	0.0	0.0	0.0
UCS	0.0	1.0	0.0	0.0	0.0	0.0
UCS	0.0	1.0	0.0	0.0	0.0	0.0
UCS	0.0	1.0	0.0	0.0	0.0	0.0
UCS	0.0					
UVM	0.0	1.0	0.0	0.0	0.0	0.0
UVM	0.0	1.0	0.0	0.0	0.0	0.0
UVM	0.0	1.0	0.0	0.0	0.0	0.0
UVM	0.0	1.0	0.0	0.0	0.0	0.0
UVM	2002.0	1.0	0.0	0.0	0.0	0.0
UVM	1325.0	1.0	0.0	0.0	0.0	0.0
UVM	3314.0	1.0	0.0	0.0	0.0	0.0
UVM	2307.0	1.0	0.0	0.0	0.0	0.0
UVM	0.0	1.0	0.0	0.0	0.0	0.0
UVM	0.0					
UVM	0.0	1.0	0.0	0.0	0.0	0.0
UVM	0.0	1.0	0.0	0.0	0.0	0.0
UVM	0.0	1.0	0.0	0.0	0.0	0.0
UVM	0.0	1.0	0.0	0.0	0.0	0.0
UVM	0.0	1.0	0.0	0.0	0.0	0.0
UVM	0.0	1.0	0.0	0.0	0.0	0.0
UVM	0.0	1.0	0.0	0.0	0.0	0.0
UVM	0.0	1.0	0.0	0.0	0.0	0.0
UVM	0.0	1.0	0.0	0.0	0.0	0.0
UVM	0.0	1.0	0.0	0.0	0.0	0.0
UVM	0.0	1.0	0.0	0.0	0.0	0.0
UVM	0.0	1.0	0.0	0.0	0.0	0.0
UVM	0.0	1.0	0.0	0.0	0.0	0.0
UVM	0.0	1.0	0.0	0.0	0.0	0.0
UVM	0.0	1.0	0.0	0.0	0.0	0.0
UVM	0.0	1.0	0.0	0.0	0.0	0.0
UVM	0.0	1.0	0.0	0.0	0.0	0.0
UVM	0.0	1.0	0.0	0.0	0.0	0.0
UVM	0.0	1.0	0.0	0.0	0.0	0.0
UVM	0.0	1.0	0.0	0.0	0.0	0.0
UVM	0.0	1.0	0.0	0.0	0.0	0.0
UVM	0.0	1.0	0.0	0.0	0.0	0.0
UVM	0.0	1.0	0.0	0.0	0.0	0.0
UVM	0.0	1.0	0.0	0.0	0.0	0.0
UVM	0.0	1.0	0.0	0.0	0.0	0.0
UVM	0.0	1.0	0.0	0.0	0.0	0.0
UVM	0.0	1.0	0.0	0.0	0.0	0.0
UVM	0.0					
UVM	0.0	1.0	0.0	0.0	0.0	0.0
UVM	0.0	1.0	0.0	0.0	0.0	0.0
UVM	0.0	1.0	0.0	0.0	0.0	0.0
UVM	0.0	1.0	0.0	0.0	0.0	0.0
UVM	0.0	1.0	0.0	0.0	0.0	0.0
UVM	0.0	1.0	0.0	0.0	0.0	0.0
UVM	0.0	1.0	0.0	0.0	0.0	0.0
UVM	0.0	1.0	0.0	0.0	0.0	0.0
UVM	0.0	1.0	0.0	0.0	0.0	0.0
UVM	0.0	1.0	0.0	0.0	0.0	0.0
UVM	0.0	1.0	0.0	0.0	0.0	0.0
UVM	0.0	1.0	0.0	0.0	0.0	0.0
UVM	0.0	1.0	0.0	0.0	0.0	0.0
UVM	0.0					
UVM	1898.0	1.0	0.0	0.0	0.0	0.0
UVM	2491.0	1.0	0.0	0.0	0.0	0.0
UVM	5150.0	1.0	0.0	0.0	0.0	0.0
UVM	971.0	1.0	0.0	0.0	0.0	0.0
UVM	0.0	1.0	0.0	0.0	0.0	0.0
UVM	0.0	1.0	0.0	0.0	0.0	0.0
UVM	0.0	1.0	0.0	0.0	0.0	0.0
UVM	0.0	1.0	0.0	0.0	0.0	0.0
UVM	0.0	1.0	0.0	0.0	0.0	0.0
UVM	0.0	1.0	0.0	0.0	0.0	0.0
UVM	0.0	1.0	0.0	0.0	0.0	0.0
UVM	0.0	1.0	0.0	0.0	0.0	0.0
UVM	0.0	1.0	0.0	0.0	0.0	0.0
UVM	0.0	1.0	0.0	0.0	0.0	0.0
UVM	0.0	1.0	0.0	0.0	0.0	0.0
UVM	0.0	1.0	0.0	0.0	0.0	0.0
UVM	0.0	1.0	0.0	0.0	0.0	0.0
UVM	0.0	1.0	0.0	0.0	0.0	0.0
UVM	0.0	1.0	0.0	0.0	0.0	0.0
UVM	0.0	1.0	0.0	0.0	0.0	0.0
UVM	0.0	1.0	0.0	0.0	0.0	0.0
UVM	0.0	1.0	0.0	0.0	0.0	0.0
UVM	0.0	1.0	0.0	0.0	0.0	0.0
UVM	0.0	1.0	0.0	0.0	0.0	0.0
UVM	0.0	1.0	0.0	0.0	0.0	0.0
UVM	0.0	1.0	0.0	0.0	0.0	0.0
UVM	0.0					
UVM	0.0	1.0	0.0	0.0	0.0	0.0
UVM	0.0	1.0	0.0	0.0	0.0	0.0
UVM	0.0	1.0	0.0	0.0	0.0	0.0
UVM	0.0	1.0	0.0	0.0	0.0	0.0
UVM	0.0	1.0	0.0	0.0	0.0	0.0
UVM	0.0	1.0	0.0	0.0	0.0	0.0
UVM	0.0	1.0	0.0	0.0	0.0	0.0
UVM	0.0	1.0	0.0	0.0	0.0	0.0
UVM	0.0	1.0	0.0	0.0	0.0	0.0
UVM	0.0	1.0	0.0	0.0	0.0	0.0
UVM	0.0	1.0	0.0	0.0	0.0	0.0
UVM	0.0	1.0	0.0	0.0	0.0	0.0
UVM	0.0	1.0	0.0	0.0	0.0	0.0
UVM	0.0	1.0	0.0	0.0	0.0	0.0
UVM	0.0	1.0	0.0	0.0	0.0	0.0
UVM	0.0	1.0	0.0	0.0	0.0	0.0
UVM	0.0	1.0	0.0	0.0	0.0	0.0
UVM	0.0	1.0	0.0	0.0	0.0	0.0
UVM	0.0	1.0	0.0	0.0	0.0	0.0
UVM	0.0	1.0	0.0	0.0	0.0	0.0
UVM	0.0					
UVM	394.0	1.0	0.0	0.0	0.0	0.0
UVM	204.0	1.0	0.0	0.0	0.0	0.0
UVM	1373.0	1.0	0.0	0.0	0.0	0.0
UVM	265.0	1.0	0.0	0.0	0.0	0.0
UVM	0.0	1.0	0.0	0.0	0.0	0.0
UVM	0.0	1.0	0.0	0.0	0.0	0.0
UVM	0.0	1.0	0.0	0.0	0.0	0.0
UVM	0.0	1.0	0.0	0.0	0.0	0.0
UVM	0.0	1.0	0.0	0.0	0.0	0.0
UVM	0.0	1.0	0.0	0.0	0.0	0.0
UVM	0.0	1.0	0.0	0.0	0.0	0.0
UVM	0.0	1.0	0.0	0.0	0.0	0.0
UVM	0.0	1.0	0.0	0.0	0.0	0.0
UVM	0.0	1.0	0.0	0.0	0.0	0.0
UVM	0.0	1.0	0.0	0.0	0.0	0.0
UVM	0.0	1.0	0.0	0.0	0.0	0.0
UVM	0.0	1.0	0.0	0.0	0.0	0.0
UVM	0.0	1.0	0.0	0.0	0.0	0.0
UVM	0.0	1.0	0.0	0.0	0.0	0.0
UVM	0.0	1.0	0.0	0.0	0.0	0.0
UVM	0.0	1.0	0.0	0.0	0.0	0.0
UVM	0.0	1.0	0.0	0.0	0.0	0.0
UVM	0.0	1.0	0.0	0.0	0.0	0.0
UVM	0.0	1.0	0.0	0.0	0.0	0.0
UVM	0.0	1.0	0.0	0.0	0.0	0.0
UVM	0.0	1.0	0.0	0.0	0.0	0.0
UVM	0.0	1.0	0.0	0.0	0.0	0.0
UVM	0.0	1.0	0.0	0.0	0.0	0.0
UVM	0.0	1.0	0.0	0.0	0.0	0.0
UVM	0.0	1.0	0.0	0.0	0.0	0.0
UVM	0.0	1.0	0.0	0.0	0.0	0.0
UVM	0.0	1.0	0.0	0.0	0.0	0.0
UVM	0.0	1.0	0.0	0.0	0.0	0.0
UVM	0.0					
UVM	0.0	1.0	0.0	0.0	0.0	0.0
UVM	0.0	1.0	0.0	0.0	0.0	0.0
UVM	0.0	1.0	0.0	0.0	0.0	0.0
UVM	0.0	1.0	0.0	0.0	0.0	0.0
UVM	0.0	1.0	0.0	0.0	0.0	0.0
UVM	0.0	1.0	0.0	0.0	0.0	0.0
UVM	0.0	1.0	0.0	0.0	0.0	0.0
UVM	0.0	1.0	0.0	0.0	0.0	0.0
UVM	0.0	1.0	0.0	0.0	0.0	0.0
UVM	0.0	1.0	0.0	0.0	0.0	0.0
UVM	0.0	1.0	0.0	0.0	0.0	0.0
UVM	0.0					
UVM	0.0	1.0	0.0	0.0	0.0	0.0
UVM	0.0	1.0	0.0	0.0	0.0	0.0
UVM	2178.0	1.0	0.0	0.0	0.0	0.0
UVM	2403.0	1.0	0.0	0.0	0.0	0.0
UVM	4179.0	1.0	0.0	0.0	0.0	0.0
UVM	1065.0	1.0	0.0	0.0	0.0	0.0
UVM	0.0					
UVM	0.0	1.0	0.0	0.0	0.0	0.0
UVM	0.0	1.0	0.0	0.0	0.0	0.0
UVM	0.0	1.0	0.0	0.0	0.0	0.0
UVM	0.0	1.0	0.0	0.0	0.0	0.0
UVM	0.0	1.0	0.0	0.0	0.0	0.0
UVM	0.0	1.0	0.0	0.0	0.0	0.0
UVM	0.0	1.0	0.0	0.0	0.0	0.0
UVM	0.0	1.0	0.0	0.0	0.0	0.0
UVM	0.0	1.0	0.0	0.0	0.0	0.0
UVM	0.0	1.0	0.0	0.0	0.0	0.0
UVM	0.0	1.0	0.0	0.0	0.0	0.0
UVM	0.0	1.0	0.0	0.0	0.0	0.0
UVM	0.0	1.0	0.0	0.0	0.0	0.0
UVM	0.0	1.0	0.0	0.0	0.0	0.0
UVM	0.0	1.0	0.0	0.0	0.0	0.0
UVM	0.0	1.0	0.0	0.0	0.0	0.0
UVM	0.0	1.0	0.0	0.0	0.0	0.0
UVM	0.0	1.0	0.0	0.0	0.0	0.0
UVM	0.0	1.0	0.0	0.0	0.0	0.0
UVM	0.0	1.0	0.0	0.0	0.0	0.0
UVM	0.0	1.0	0.0	0.0	0.0	0.0
UVM	0.0	1.0	0.0	0.0	0.0	0.0
UVM	0.0	1.0	0.0	0.0	0.0	0.0
UVM	0.0	1.0	0.0	0.0	0.0	0.0
UVM	0.0	1.0	0.0	0.0	0.0	0.0
UVM	0.0	1.0	0.0	0.0	0.0	0.0
UVM	0.0	1.0	0.0	0.0	0.0	0.0
UVM	0.0	1.0	0.0	0.0	0.0	0.0
UVM	0.0	1.0	0.0	0.0	0.0	0.0
UVM	0.0	1.0	0.0	0.0	0.0	0.0
UVM	0.0	1.0	0.0	0.0	0.0	0.0
UVM	0.0	1.0	0.0	0.0	0.0	0.0
UVM	0.0	1.0	0.0	0.0	0.0	0.0
UVM	0.0	1.0	0.0	0.0	0.0	0.0
UVM	0.0	1.0	0.0	0.0	0.0	0.0
UVM	0.0	1.0	0.0	0.0	0.0	0.0
UVM	0.0	1.0	0.0	0.0	0.0	0.0
UVM	0.0	1.0	0.0	0.0	0.0	0.0
UVM	0.0					
